Summary,CVEs,Severity,Jfrog Severity,Type,Provider,Component,Infected Version,Fix Version,Edited,Component Versions Id,CVSS v2,CVSS v3,Cwe,Id,Is Source Root,Source Comp Id,Source Id,Component Physical Paths,Applicability
"Issue Summary: Cryptographic Message Services (CMS) processing fails to perform
sufficient input validation on the cipher and tag length fields of
AuthEnvelopedData containers, leading to various potential compromises.

Impact Summary: Attackers making use of these vulnerabilities may achieve
key-equivalent functionality for a given CMS recipient and/or bypass integrity
validation for a given message.

In one use case, an attacker may send a CMS message containing
AuthEnvelopedData with the cipher specified as a non-AEAD cipher.  OpenSSL
erroneously allows this selection, and attempts to decrypt and validate the
message.

An on-path attacker who captures one legitimate AES-GCM AuthEnvelopedData
addressed to the victim can re-emit it with the recipientInfos set left
byte-for-byte intact, so the victim's private key still unwraps the genuine CEK
(the content-encryption key), but with the inner OID rewritten to AES-256-OFB
(Output Feedback Mode, an unauthenticated keystream mode) and with an
attacker-chosen IV and ciphertext. The victim initializes AES-256-OFB under the
real CEK, never consults the MAC field, and CMS_decrypt() returns success.

If the application under attack responds to the attacker with any indicator
showing success or failure of the decryption effort, it is possible for the
attacker to use this as an oracle to obtain key equivalent functionality for the
CEK used for the chosen recipient of the message.

In another use case, an attacker can reduce the tag length of the chosen AEAD
cipher for a given AuthEnvelopedData container to be a single byte long,
allowing an attacker to brute force CMS decryption, producing an integrity
bypass for applications that trust CMS_decrypt() to reject modified content.

The FIPS modules are not affected by this issue.",CVE-2026-34182,Critical,,security,JFrog,alpine:libcrypto3,< 3.5.7-r0,3.5.7-r0,,3.17:libcrypto3,,9.1/CVSS:3.1/AV:N/AC:L/PR:N/UI:N/S:U/C:H/I:H/A:N,CWE-354,XRAY-1000456,false,alpine://3.17:libcrypto3:3.0.8-r3,alpine://3.17:libcrypto3,"sha256__f56be85fc22e46face30e2c3de3f7fe7c15f8fd7c4e5add29d7f64b87abdaa09.tar.gz/3.17:libssl3:3.0.8-r3;
sha256__f56be85fc22e46face30e2c3de3f7fe7c15f8fd7c4e5add29d7f64b87abdaa09.tar.gz/3.17:libcrypto3:3.0.8-r3",Applicable
"Issue summary: Parsing CMS AuthEnvelopedData or EnvelopedData message with
maliciously crafted AEAD parameters can trigger a stack buffer overflow.

Impact summary: A stack buffer overflow may lead to a crash, causing Denial
of Service, or potentially remote code execution.

When parsing CMS (Auth)EnvelopedData structures that use AEAD ciphers such as
AES-GCM, the IV (Initialization Vector) encoded in the ASN.1 parameters is
copied into a fixed-size stack buffer without verifying that its length fits
the destination. An attacker can supply a crafted CMS message with an
oversized IV, causing a stack-based out-of-bounds write before any
authentication or tag verification occurs.

Applications and services that parse untrusted CMS or PKCS#7 content using
AEAD ciphers (e.g., S/MIME (Auth)EnvelopedData with AES-GCM) are vulnerable.
Because the overflow occurs prior to authentication, no valid key material
is required to trigger it. While exploitability to remote code execution
depends on platform and toolchain mitigations, the stack-based write
primitive represents a severe risk.

The FIPS modules in 3.6, 3.5, 3.4, 3.3 and 3.0 are not affected by this
issue, as the CMS implementation is outside the OpenSSL FIPS module
boundary.

OpenSSL 3.6, 3.5, 3.4, 3.3 and 3.0 are vulnerable to this issue.

OpenSSL 1.1.1 and 1.0.2 are not affected by this issue.",CVE-2025-15467,High,High,security,JFrog,alpine:libcrypto3,< 3.0.19-r0,3.0.19-r0,,3.17:libcrypto3,,8.8/CVSS:3.1/AV:N/AC:L/PR:N/UI:R/S:U/C:H/I:H/A:H,CWE-787,XRAY-936806,false,alpine://3.17:libcrypto3:3.0.8-r3,alpine://3.17:libcrypto3,"sha256__f56be85fc22e46face30e2c3de3f7fe7c15f8fd7c4e5add29d7f64b87abdaa09.tar.gz/3.17:libssl3:3.0.8-r3;
sha256__f56be85fc22e46face30e2c3de3f7fe7c15f8fd7c4e5add29d7f64b87abdaa09.tar.gz/3.17:libcrypto3:3.0.8-r3",Applicable
"body-parser is Node.js body parsing middleware. body-parser <1.20.3 is vulnerable to denial of service when url encoding is enabled. A malicious actor using a specially crafted payload could flood the server with a large number of requests, resulting in denial of service. This issue is patched in 1.20.3.",CVE-2024-45590,High,High,security,JFrog,body-parser,< 1.20.3,1.20.3,,body-parser,,7.5/CVSS:3.1/AV:N/AC:L/PR:N/UI:N/S:U/C:N/I:N/A:H,"NVD-CWE-noinfo,CWE-405",XRAY-642574,false,npm://body-parser:1.18.2,npm://body-parser,sha256__7ded2465c61dfe2b42e59390a496788532dfd7a3d1c980d186cd36a9e2133c06.tar.gz/app/node_modules/body-parser,Applicable
"moment is a JavaScript date library for parsing, validating, manipulating, and formatting dates. Affected versions of moment were found to use an inefficient parsing algorithm. Specifically using string-to-date parsing in moment (more specifically rfc2822 parsing, which is tried by default) has quadratic (N^2) complexity on specific inputs. Users may notice a noticeable slowdown is observed with inputs above 10k characters. Users who pass user-provided strings without sanity length checks to moment constructor are vulnerable to (Re)DoS attacks. The problem is patched in 2.29.4, the patch can be applied to all affected versions with minimal tweaking. Users are advised to upgrade. Users unable to upgrade should consider limiting date lengths accepted from user input.",CVE-2022-31129,High,Medium,security,JFrog,moment,2.18.0 ≤ Version < 2.29.4,2.29.4,2023-01-08T19:26:00Z,moment,5.0/CVSS:2.0/AV:N/AC:L/Au:N/C:N/I:N/A:P,7.5/CVSS:3.1/AV:N/AC:L/PR:N/UI:N/S:U/C:N/I:N/A:H,"CWE-400,CWE-1333",XRAY-230783,false,npm://moment:2.19.3,npm://moment,sha256__7ded2465c61dfe2b42e59390a496788532dfd7a3d1c980d186cd36a9e2133c06.tar.gz/app/node_modules/moment,Applicable
"Issue summary: A type confusion vulnerability exists in the TimeStamp Response
verification code where an ASN1_TYPE union member is accessed without first
validating the type, causing an invalid or NULL pointer dereference when
processing a malformed TimeStamp Response file.

Impact summary: An application calling TS_RESP_verify_response() with a
malformed TimeStamp Response can be caused to dereference an invalid or
NULL pointer when reading, resulting in a Denial of Service.

The functions ossl_ess_get_signing_cert() and ossl_ess_get_signing_cert_v2()
access the signing cert attribute value without validating its type.
When the type is not V_ASN1_SEQUENCE, this results in accessing invalid memory
through the ASN1_TYPE union, causing a crash.

Exploiting this vulnerability requires an attacker to provide a malformed
TimeStamp Response to an application that verifies timestamp responses. The
TimeStamp protocol (RFC 3161) is not widely used and the impact of the
exploit is just a Denial of Service. For these reasons the issue was
assessed as Low severity.

The FIPS modules in 3.5, 3.4, 3.3 and 3.0 are not affected by this issue,
as the TimeStamp Response implementation is outside the OpenSSL FIPS module
boundary.

OpenSSL 3.6, 3.5, 3.4, 3.3, 3.0 and 1.1.1 are vulnerable to this issue.

OpenSSL 1.0.2 is not affected by this issue.",CVE-2025-69420,High,Low,security,JFrog,alpine:libcrypto3,< 3.0.19-r0,3.0.19-r0,,3.17:libcrypto3,,7.5/CVSS:3.1/AV:N/AC:L/PR:N/UI:N/S:U/C:N/I:N/A:H,CWE-754,XRAY-936849,false,alpine://3.17:libcrypto3:3.0.8-r3,alpine://3.17:libcrypto3,"sha256__f56be85fc22e46face30e2c3de3f7fe7c15f8fd7c4e5add29d7f64b87abdaa09.tar.gz/3.17:libssl3:3.0.8-r3;
sha256__f56be85fc22e46face30e2c3de3f7fe7c15f8fd7c4e5add29d7f64b87abdaa09.tar.gz/3.17:libcrypto3:3.0.8-r3",Applicable
"Issue summary: Calling PKCS12_get_friendlyname() function on a maliciously
crafted PKCS#12 file with a BMPString (UTF-16BE) friendly name containing
non-ASCII BMP code point can trigger a one byte write before the allocated
buffer.

Impact summary: The out-of-bounds write can cause a memory corruption
which can have various consequences including a Denial of Service.

The OPENSSL_uni2utf8() function performs a two-pass conversion of a PKCS#12
BMPString (UTF-16BE) to UTF-8. In the second pass, when emitting UTF-8 bytes,
the helper function bmp_to_utf8() incorrectly forwards the remaining UTF-16
source byte count as the destination buffer capacity to UTF8_putc(). For BMP
code points above U+07FF, UTF-8 requires three bytes, but the forwarded
capacity can be just two bytes. UTF8_putc() then returns -1, and this negative
value is added to the output length without validation, causing the
length to become negative. The subsequent trailing NUL byte is then written
at a negative offset, causing write outside of heap allocated buffer.

The vulnerability is reachable via the public PKCS12_get_friendlyname() API
when parsing attacker-controlled PKCS#12 files. While PKCS12_parse() uses a
different code path that avoids this issue, PKCS12_get_friendlyname() directly
invokes the vulnerable function. Exploitation requires an attacker to provide
a malicious PKCS#12 file to be parsed by the application and the attacker
can just trigger a one zero byte write before the allocated buffer.
For that reason the issue was assessed as Low severity according to our
Security Policy.

The FIPS modules in 3.6, 3.5, 3.4, 3.3 and 3.0 are not affected by this issue,
as the PKCS#12 implementation is outside the OpenSSL FIPS module boundary.

OpenSSL 3.6, 3.5, 3.4, 3.3, 3.0 and 1.1.1 are vulnerable to this issue.

OpenSSL 1.0.2 is not affected by this issue.",CVE-2025-69419,High,Low,security,JFrog,alpine:libcrypto3,< 3.0.19-r0,3.0.19-r0,,3.17:libcrypto3,,7.4/CVSS:3.1/AV:N/AC:H/PR:N/UI:N/S:U/C:H/I:H/A:N,CWE-787,XRAY-936843,false,alpine://3.17:libcrypto3:3.0.8-r3,alpine://3.17:libcrypto3,"sha256__f56be85fc22e46face30e2c3de3f7fe7c15f8fd7c4e5add29d7f64b87abdaa09.tar.gz/3.17:libcrypto3:3.0.8-r3;
sha256__f56be85fc22e46face30e2c3de3f7fe7c15f8fd7c4e5add29d7f64b87abdaa09.tar.gz/3.17:libssl3:3.0.8-r3",Applicable
"Issue summary: Calling the OpenSSL API function SSL_free_buffers may cause
memory to be accessed that was previously freed in some situations

Impact summary: A use after free can have a range of potential consequences such
as the corruption of valid data, crashes or execution of arbitrary code.
However, only applications that directly call the SSL_free_buffers function are
affected by this issue. Applications that do not call this function are not
vulnerable. Our investigations indicate that this function is rarely used by
applications.

The SSL_free_buffers function is used to free the internal OpenSSL buffer used
when processing an incoming record from the network. The call is only expected
to succeed if the buffer is not currently in use. However, two scenarios have
been identified where the buffer is freed even when still in use.

The first scenario occurs where a record header has been received from the
network and processed by OpenSSL, but the full record body has not yet arrived.
In this case calling SSL_free_buffers will succeed even though a record has only
been partially processed and the buffer is still in use.

The second scenario occurs where a full record containing application data has
been received and processed by OpenSSL but the application has only read part of
this data. Again a call to SSL_free_buffers will succeed even though the buffer
is still in use.

While these scenarios could occur accidentally during normal operation a
malicious attacker could attempt to engineer a stituation where this occurs.
We are not aware of this issue being actively exploited.

The FIPS modules in 3.3, 3.2, 3.1 and 3.0 are not affected by this issue.",CVE-2024-4741,High,Low,security,JFrog,alpine:libcrypto3,< 3.0.14-r0,3.0.14-r0,,3.17:libcrypto3,,7.5/CVSS:3.1/AV:N/AC:L/PR:N/UI:N/S:U/C:N/I:N/A:H,CWE-416,XRAY-632766,false,alpine://3.17:libcrypto3:3.0.8-r3,alpine://3.17:libcrypto3,"sha256__f56be85fc22e46face30e2c3de3f7fe7c15f8fd7c4e5add29d7f64b87abdaa09.tar.gz/3.17:libssl3:3.0.8-r3;
sha256__f56be85fc22e46face30e2c3de3f7fe7c15f8fd7c4e5add29d7f64b87abdaa09.tar.gz/3.17:libcrypto3:3.0.8-r3",Applicable
"Issue summary: When a delta CRL that contains a Delta CRL Indicator extension
is processed a NULL pointer dereference might happen if the required CRL
Number extension is missing.

Impact summary: A NULL pointer dereference can trigger a crash which
leads to a Denial of Service for an application.

When CRL processing and delta CRL processing is enabled during X.509
certificate verification, the delta CRL processing does not check
whether the CRL Number extension is NULL before dereferencing it.
When a malformed delta CRL file is being processed, this parameter
can be NULL, causing a NULL pointer dereference.

Exploiting this issue requires the X509_V_FLAG_USE_DELTAS flag to be enabled in
the verification context, the certificate being verified to contain a
freshestCRL extension or the base CRL to have the EXFLAG_FRESHEST flag set, and
an attacker to provide a malformed CRL to an application that processes it.

The vulnerability is limited to Denial of Service and cannot be escalated to
achieve code execution or memory disclosure. For that reason the issue was
assessed as Low severity according to our Security Policy.

The FIPS modules in 3.6, 3.5, 3.4, 3.3 and 3.0 are not affected by this issue,
as the affected code is outside the OpenSSL FIPS module boundary.",CVE-2026-28388,High,,security,JFrog,alpine:libcrypto3,< 3.5.6-r0,3.5.6-r0,,3.17:libcrypto3,,7.5/CVSS:3.1/AV:N/AC:L/PR:N/UI:N/S:U/C:N/I:N/A:H,CWE-476,XRAY-962282,false,alpine://3.17:libcrypto3:3.0.8-r3,alpine://3.17:libcrypto3,"sha256__f56be85fc22e46face30e2c3de3f7fe7c15f8fd7c4e5add29d7f64b87abdaa09.tar.gz/3.17:libcrypto3:3.0.8-r3;
sha256__f56be85fc22e46face30e2c3de3f7fe7c15f8fd7c4e5add29d7f64b87abdaa09.tar.gz/3.17:libssl3:3.0.8-r3",Applicable
"Issue summary: An uncommon configuration of clients performing DANE TLSA-based
server authentication, when paired with uncommon server DANE TLSA records, may
result in a use-after-free and/or double-free on the client side.

Impact summary: A use after free can have a range of potential consequences
such as the corruption of valid data, crashes or execution of arbitrary code.

However, the issue only affects clients that make use of TLSA records with both
the PKIX-TA(0/PKIX-EE(1) certificate usages and the DANE-TA(2) certificate
usage.

By far the most common deployment of DANE is in SMTP MTAs for which RFC7672
recommends that clients treat as 'unusable' any TLSA records that have the PKIX
certificate usages.  These SMTP (or other similar) clients are not vulnerable
to this issue.  Conversely, any clients that support only the PKIX usages, and
ignore the DANE-TA(2) usage are also not vulnerable.

The client would also need to be communicating with a server that publishes a
TLSA RRset with both types of TLSA records.

No FIPS modules are affected by this issue, the problem code is outside the
FIPS module boundary.",CVE-2026-28387,High,,security,JFrog,alpine:libcrypto3,< 3.5.6-r0,3.5.6-r0,,3.17:libcrypto3,,8.1/CVSS:3.1/AV:N/AC:H/PR:N/UI:N/S:U/C:H/I:H/A:H,CWE-416,XRAY-962281,false,alpine://3.17:libcrypto3:3.0.8-r3,alpine://3.17:libcrypto3,"sha256__f56be85fc22e46face30e2c3de3f7fe7c15f8fd7c4e5add29d7f64b87abdaa09.tar.gz/3.17:libssl3:3.0.8-r3;
sha256__f56be85fc22e46face30e2c3de3f7fe7c15f8fd7c4e5add29d7f64b87abdaa09.tar.gz/3.17:libcrypto3:3.0.8-r3",Applicable
"Issue summary: When CMS password-based decryption (RFC 3211 / PWRI key unwrap)
processes attacker-supplied CMS data, an attacker-chosen stream-mode KEK
cipher can trigger a heap out-of-bounds read in kek_unwrap_key().

Impact summary: A heap buffer over-read may trigger a crash which leads to
Denial of Service for an application if the input buffer ends at a memory
page boundary and the following page is unmapped. There is no information
disclosure as the over-read bytes are not revealed to the attacker.

The key unwrapping function performs a check-byte test as specified in the
RFC that reads 7 bytes from a heap allocation that is based on the wrapped
key length from the message. There is a minimum length check based on the
block length of the wrapping cipher. However the cipher is selected from
an OID carried in the attacker's PWRI keyEncryptionAlgorithm with no
requirement that the cipher be a block cipher. When an attacker selects
a stream-mode cipher the guard will be ineffective and the allocated buffer
containing the unwrapped key can be too small to fit the check-bytes
specified in the RFC and a buffer over-read can happen.

Applications calling CMS_decrypt() or CMS_decrypt_set1_password()
(equivalently openssl cms -decrypt -pwri_password ...) on untrusted CMS
data are vulnerable to this issue. No password knowledge is required: the
over-read happens during the unwrap attempt before any authentication
succeeds.

The over-read is limited to a few bytes and is not written to output, so
there is no information disclosure. Triggering a crash requires the
allocation to border unmapped memory, which is unlikely with the normal
allocator.

The FIPS modules are not affected by this issue.",CVE-2026-9076,High,,security,JFrog,alpine:libcrypto3,< 3.5.7-r0,3.5.7-r0,,3.17:libcrypto3,,7.5/CVSS:3.1/AV:N/AC:L/PR:N/UI:N/S:U/C:N/I:N/A:H,CWE-125,XRAY-1000468,false,alpine://3.17:libcrypto3:3.0.8-r3,alpine://3.17:libcrypto3,"sha256__f56be85fc22e46face30e2c3de3f7fe7c15f8fd7c4e5add29d7f64b87abdaa09.tar.gz/3.17:libssl3:3.0.8-r3;
sha256__f56be85fc22e46face30e2c3de3f7fe7c15f8fd7c4e5add29d7f64b87abdaa09.tar.gz/3.17:libcrypto3:3.0.8-r3",Applicable
"Issue summary: A signed integer overflow when sizing the destination
buffer for Unicode output in ASN1_mbstring_ncopy() can lead to a heap
buffer overflow.

Impact summary: A heap buffer overflow may lead to a crash or possibly
attacker controlled code execution or other undefined behaviour.

In ASN1_mbstring_copy() and ASN1_mbstring_ncopy() the destination
size for Unicode output is computed in a signed int: by left shift
of the input character count for BMPSTRING (UTF-16) and
UNIVERSALSTRING (UTF-32), and by summing per-character byte counts
for UTF8STRING. The calculation overflows when the input reaches
around 2^30 characters. In the worst case (UNIVERSALSTRING at 2^30
characters) the size wraps to zero, OPENSSL_malloc(1) is called, and
the subsequent character copy writes several gigabytes past the
one-byte allocation.

X.509 certificate processing routes through ASN1_STRING_set_by_NID(),
whose DIRSTRING_TYPE mask excludes UNIVERSALSTRING and whose per-NID
size limits cap the input length; no network protocol or
certificate-handling path in OpenSSL exercises the overflow.
Triggering the bug requires an application that calls
ASN1_mbstring_copy() or ASN1_mbstring_ncopy() directly, or registers
a custom string type via ASN1_STRING_TABLE_add(), with
attacker-controlled input on the order of half a gigabyte or more.
For these reasons this issue was assigned Low severity.

The FIPS modules in 4.0, 3.6, 3.5, 3.4 and 3.0 are not affected by
this issue, as the affected code is outside the OpenSSL FIPS module
boundary.",CVE-2026-7383,High,,security,JFrog,alpine:libcrypto3,< 3.5.7-r0,3.5.7-r0,,3.17:libcrypto3,,8.1/CVSS:3.1/AV:N/AC:H/PR:N/UI:N/S:U/C:H/I:H/A:H,CWE-787,XRAY-1000467,false,alpine://3.17:libcrypto3:3.0.8-r3,alpine://3.17:libcrypto3,"sha256__f56be85fc22e46face30e2c3de3f7fe7c15f8fd7c4e5add29d7f64b87abdaa09.tar.gz/3.17:libssl3:3.0.8-r3;
sha256__f56be85fc22e46face30e2c3de3f7fe7c15f8fd7c4e5add29d7f64b87abdaa09.tar.gz/3.17:libcrypto3:3.0.8-r3",Applicable
"Issue summary: A specially crafted PKCS#7 or S/MIME signed message could
trigger a use-after-free during PKCS#7 signature verification.

Impact summary: A use-after-free may result in process crashes, heap
corruption, or potentially remote code execution.

When processing a PKCS#7 or S/MIME signed message, if the SignedData
digestAlgorithms field is present as an empty ASN.1 SET, OpenSSL may
incorrectly free a caller-owned BIO during PKCS7_verify(). A subsequent
use of the BIO by the calling application results in a use-after-free
condition.

In the common case this occurs when the application later calls
BIO_free() on the BIO originally passed to PKCS7_verify(). Depending
on allocator behavior and application-specific BIO usage patterns, this
may result in a crash or other memory corruption. In some application
contexts this may potentially be exploitable for remote code execution.

Applications that process PKCS#7 or S/MIME signed messages using OpenSSL
PKCS#7 APIs may be affected. Applications using the CMS APIs for this
processing are not affected.

The FIPS modules in 4.0, 3.6, 3.5, 3.4, and 3.0 are not affected by this
issue, as the affected code is outside the OpenSSL FIPS module boundary.",CVE-2026-45447,High,,security,JFrog,alpine:libcrypto3,< 3.5.7-r0,3.5.7-r0,,3.17:libcrypto3,,8.8/CVSS:3.1/AV:N/AC:L/PR:L/UI:N/S:U/C:H/I:H/A:H,CWE-416,XRAY-1000466,false,alpine://3.17:libcrypto3:3.0.8-r3,alpine://3.17:libcrypto3,"sha256__f56be85fc22e46face30e2c3de3f7fe7c15f8fd7c4e5add29d7f64b87abdaa09.tar.gz/3.17:libcrypto3:3.0.8-r3;
sha256__f56be85fc22e46face30e2c3de3f7fe7c15f8fd7c4e5add29d7f64b87abdaa09.tar.gz/3.17:libssl3:3.0.8-r3",Applicable
"Issue summary: When an application drives an AES-OCB context through the
public EVP_Cipher() one-shot interface, the application-supplied
initialisation vector (IV) is silently discarded.

Impact summary: Every message encrypted under the same key uses the
same effective nonce regardless of the IV supplied by the caller,
resulting in (key, nonce) reuse and loss of confidentiality.  If the
same code path is used to compute the authentication tag, the tag
depends only on the (key, IV) pair and not on the plaintext or
ciphertext, allowing universal forgery of arbitrary ciphertext from a
single captured message.

OpenSSL provides two ways to drive a cipher: the documented streaming
interface (EVP_CipherUpdate / EVP_CipherFinal_ex) and a lower-level
one-shot, EVP_Cipher(), whose documentation explicitly recommends
against use by applications in favour of EVP_CipherUpdate() and
EVP_CipherFinal_ex().  The OCB provider's streaming handler flushes
the application-supplied IV into the OCB context before processing
data; the one-shot handler did not.  Every call to EVP_Cipher() on an
AES-OCB context therefore ran with the all-zero key-derived offset
state left by cipher initialisation, regardless of the caller's IV.

If EVP_EncryptFinal_ex() is subsequently used to obtain the
authentication tag, the deferred IV setup runs at that point and
clears the running checksum that should have been accumulated over the
plaintext.  The resulting tag is a function of (key, IV) only and
verifies against any ciphertext produced under the same (key, IV)
pair.

The OpenSSL SSL/TLS implementation is not affected: AES-OCB is not a
TLS cipher suite, and libssl does not call EVP_Cipher() in any case.
Applications that drive AES-OCB through the documented streaming AEAD
API (EVP_CipherUpdate / EVP_CipherFinal_ex) are not affected.  Only
applications that combine the AES-OCB cipher with the EVP_Cipher()
one-shot API are vulnerable.

The FIPS modules in 4.0, 3.6, 3.5, 3.4 and 3.0 are not affected by
this issue, as AES-OCB is outside the O...",CVE-2026-45445,High,,security,JFrog,alpine:libcrypto3,< 3.5.7-r0,3.5.7-r0,,3.17:libcrypto3,,7.5/CVSS:3.1/AV:N/AC:L/PR:N/UI:N/S:U/C:H/I:N/A:N,CWE-325,XRAY-1000464,false,alpine://3.17:libcrypto3:3.0.8-r3,alpine://3.17:libcrypto3,"sha256__f56be85fc22e46face30e2c3de3f7fe7c15f8fd7c4e5add29d7f64b87abdaa09.tar.gz/3.17:libcrypto3:3.0.8-r3;
sha256__f56be85fc22e46face30e2c3de3f7fe7c15f8fd7c4e5add29d7f64b87abdaa09.tar.gz/3.17:libssl3:3.0.8-r3",Applicable
"Issue Summary: The PKCS#12 file processing fails to perform sufficient input
validation for files that use Password-Based Message Authentication Code 1
(PBMAC1) integrity mechanism allowing a certificate and private key forgery.

Impact Summary: An attacker impersonating a user can cause a service reading
PKCS#12 files to accept forged certificates and private keys with a 1 in 256
probability.

If a service accepting PKCS#12 files is using passwords for authenticating
the received files, the attacker can create unencrypted PKCS#12 files that
use PBMAC1 authentication that specifies an HMAC key of only one byte, allowing
them to craft a file that will be accepted with a 1 in 256 probability.
That would then cause the service to accept a certificate and private key
controlled by the attacker.

The FIPS modules are not affected by this issue, as the affected code is
outside the OpenSSL FIPS module boundary.",CVE-2026-34181,High,,security,JFrog,alpine:libcrypto3,< 3.5.7-r0,3.5.7-r0,,3.17:libcrypto3,,7.4/CVSS:3.1/AV:N/AC:H/PR:N/UI:N/S:U/C:H/I:H/A:N,CWE-354,XRAY-1000455,false,alpine://3.17:libcrypto3:3.0.8-r3,alpine://3.17:libcrypto3,"sha256__f56be85fc22e46face30e2c3de3f7fe7c15f8fd7c4e5add29d7f64b87abdaa09.tar.gz/3.17:libcrypto3:3.0.8-r3;
sha256__f56be85fc22e46face30e2c3de3f7fe7c15f8fd7c4e5add29d7f64b87abdaa09.tar.gz/3.17:libssl3:3.0.8-r3",Applicable
"Issue summary: Parsing a crafted DER-encoded ASN.1 structure with a primitive
element whose content exceeds 2 gigabytes in length may cause a heap buffer
over-read on 64-bit Unix and Unix-like platforms.

Impact summary: The heap buffer over-read may crash the application (Denial of
Service) or to load into the decoded ASN.1 object contents of memory beyond the
end of the input buffer.  More typically such ASN.1 elements would instead be
truncated.

An integer truncation in OpenSSL's ASN.1 decoder causes the content length of
an ASN.1 primitive element to be mishandled when it exceeds 2 gigabytes. In the
worst case the truncated length is treated as a request to scan the binary
content for a terminating zero byte, possibly causing OpenSSL to read either
less than or beyond the end of the allocated buffer.

Applications that pass attacker-supplied data to d2i_X509(), d2i_PKCS7(), or
any other d2i_* decoding function are affected. OpenSSL's own command-line
tools are not vulnerable, as data read through the BIO layer is checked before
it reaches the affected code. The issue only affects 64-bit Unix and Unix-like
platforms; 32-bit platforms and 64-bit Windows are not affected.

The FIPS modules in 4.0, 3.6, 3.5, 3.4 and 3.0 are not affected by this issue,
as the affected code is outside the OpenSSL FIPS module boundary.",CVE-2026-34180,High,,security,JFrog,alpine:libcrypto3,< 3.5.7-r0,3.5.7-r0,,3.17:libcrypto3,,7.5/CVSS:3.1/AV:N/AC:L/PR:N/UI:N/S:U/C:N/I:N/A:H,CWE-125,XRAY-1000454,false,alpine://3.17:libcrypto3:3.0.8-r3,alpine://3.17:libcrypto3,"sha256__f56be85fc22e46face30e2c3de3f7fe7c15f8fd7c4e5add29d7f64b87abdaa09.tar.gz/3.17:libcrypto3:3.0.8-r3;
sha256__f56be85fc22e46face30e2c3de3f7fe7c15f8fd7c4e5add29d7f64b87abdaa09.tar.gz/3.17:libssl3:3.0.8-r3",Applicable
"A prototype pollution vulnerability was found in lodash <4.17.11 where the functions merge, mergeWith, and defaultsDeep can be tricked into adding or modifying properties of Object.prototype.",CVE-2018-16487,Medium,High,security,JFrog,lodash,< 4.17.11,4.17.11,2023-01-08T19:32:00Z,lodash,6.8/CVSS:2.0/AV:N/AC:M/Au:N/C:P/I:P/A:P,5.6/CVSS:3.1/AV:N/AC:H/PR:N/UI:N/S:U/C:L/I:L/A:L,"CWE-400,NVD-CWE-noinfo",XRAY-75300,false,npm://lodash:4.17.4,npm://lodash,sha256__7ded2465c61dfe2b42e59390a496788532dfd7a3d1c980d186cd36a9e2133c06.tar.gz/app/node_modules/lodash,Applicable
"Issue summary: Clients using RFC7250 Raw Public Keys (RPKs) to authenticate a
server may fail to notice that the server was not authenticated, because
handshakes don't abort as expected when the SSL_VERIFY_PEER verification mode
is set.

Impact summary: TLS and DTLS connections using raw public keys may be
vulnerable to man-in-middle attacks when server authentication failure is not
detected by clients.

RPKs are disabled by default in both TLS clients and TLS servers.  The issue
only arises when TLS clients explicitly enable RPK use by the server, and the
server, likewise, enables sending of an RPK instead of an X.509 certificate
chain.  The affected clients are those that then rely on the handshake to
fail when the server's RPK fails to match one of the expected public keys,
by setting the verification mode to SSL_VERIFY_PEER.

Clients that enable server-side raw public keys can still find out that raw
public key verification failed by calling SSL_get_verify_result(), and those
that do, and take appropriate action, are not affected.  This issue was
introduced in the initial implementation of RPK support in OpenSSL 3.2.

The FIPS modules in 3.4, 3.3, 3.2, 3.1 and 3.0 are not affected by this issue.",CVE-2024-12797,Medium,Medium,security,JFrog,alpine:libcrypto3,< 3.3.3-r0,3.3.3-r0,,3.17:libcrypto3,,6.3/CVSS:3.1/AV:N/AC:L/PR:N/UI:R/S:U/C:L/I:L/A:L,CWE-392,XRAY-670233,false,alpine://3.17:libcrypto3:3.0.8-r3,alpine://3.17:libcrypto3,"sha256__f56be85fc22e46face30e2c3de3f7fe7c15f8fd7c4e5add29d7f64b87abdaa09.tar.gz/3.17:libcrypto3:3.0.8-r3;
sha256__f56be85fc22e46face30e2c3de3f7fe7c15f8fd7c4e5add29d7f64b87abdaa09.tar.gz/3.17:libssl3:3.0.8-r3",Applicable
"Lodash versions prior to 4.17.21 are vulnerable to Regular Expression Denial of Service (ReDoS) via the toNumber, trim and trimEnd functions.",CVE-2020-28500,Medium,Medium,security,JFrog,lodash,4.0.0 ≤ Version < 4.17.21,4.17.21,2023-01-08T19:28:00Z,lodash,5.0/CVSS:2.0/AV:N/AC:L/Au:N/C:N/I:N/A:P,5.3/CVSS:3.1/AV:N/AC:L/PR:N/UI:N/S:U/C:N/I:N/A:L,"CWE-400,CWE-1333,NVD-CWE-Other",XRAY-140562,false,npm://lodash:4.17.4,npm://lodash,sha256__7ded2465c61dfe2b42e59390a496788532dfd7a3d1c980d186cd36a9e2133c06.tar.gz/app/node_modules/lodash,Applicable
"Issue summary: An OpenSSL TLS 1.3 server may fail to negotiate the expected
preferred key exchange group when its key exchange group configuration includes
the default by using the 'DEFAULT' keyword.

Impact summary: A less preferred key exchange may be used even when a more
preferred group is supported by both client and server, if the group
was not included among the client's initial predicated keyshares.
This will sometimes be the case with the new hybrid post-quantum groups,
if the client chooses to defer their use until specifically requested by
the server.

If an OpenSSL TLS 1.3 server's configuration uses the 'DEFAULT' keyword to
interpolate the built-in default group list into its own configuration, perhaps
adding or removing specific elements, then an implementation defect causes the
'DEFAULT' list to lose its 'tuple' structure, and all server-supported groups
were treated as a single sufficiently secure 'tuple', with the server not
sending a Hello Retry Request (HRR) even when a group in a more preferred tuple
was mutually supported.

As a result, the client and server might fail to negotiate a mutually supported
post-quantum key agreement group, such as 'X25519MLKEM768', if the client's
configuration results in only 'classical' groups (such as 'X25519' being the
only ones in the client's initial keyshare prediction).

OpenSSL 3.5 and later support a new syntax for selecting the most preferred TLS
1.3 key agreement group on TLS servers.  The old syntax had a single 'flat'
list of groups, and treated all the supported groups as sufficiently secure.
If any of the keyshares predicted by the client were supported by the server
the most preferred among these was selected, even if other groups supported by
the client, but not included in the list of predicted keyshares would have been
more preferred, if included.

The new syntax partitions the groups into distinct 'tuples' of roughly
equivalent security.  Within each tuple the most preferred group included among
the client's predicted keyshares is cho...",CVE-2026-2673,Medium,,security,JFrog,alpine:libcrypto3,< 3.5.6-r0,3.5.6-r0,,3.17:libcrypto3,,6.5/CVSS:3.1/AV:N/AC:L/PR:N/UI:N/S:U/C:N/I:L/A:L,CWE-757,XRAY-962301,false,alpine://3.17:libcrypto3:3.0.8-r3,alpine://3.17:libcrypto3,"sha256__f56be85fc22e46face30e2c3de3f7fe7c15f8fd7c4e5add29d7f64b87abdaa09.tar.gz/3.17:libssl3:3.0.8-r3;
sha256__f56be85fc22e46face30e2c3de3f7fe7c15f8fd7c4e5add29d7f64b87abdaa09.tar.gz/3.17:libcrypto3:3.0.8-r3",Applicable
"Issue summary: Processing some specially crafted ASN.1 object identifiers or
data containing them may be very slow.

Impact summary: Applications that use OBJ_obj2txt() directly, or use any of
the OpenSSL subsystems OCSP, PKCS7/SMIME, CMS, CMP/CRMF or TS with no message
size limit may experience notable to very long delays when processing those
messages, which may lead to a Denial of Service.

An OBJECT IDENTIFIER is composed of a series of numbers - sub-identifiers -
most of which have no size limit.  OBJ_obj2txt() may be used to translate
an ASN.1 OBJECT IDENTIFIER given in DER encoding form (using the OpenSSL
type ASN1_OBJECT) to its canonical numeric text form, which are the
sub-identifiers of the OBJECT IDENTIFIER in decimal form, separated by
periods.

When one of the sub-identifiers in the OBJECT IDENTIFIER is very large
(these are sizes that are seen as absurdly large, taking up tens or hundreds
of KiBs), the translation to a decimal number in text may take a very long
time.  The time complexity is O(n^2) with 'n' being the size of the
sub-identifiers in bytes (*).

With OpenSSL 3.0, support to fetch cryptographic algorithms using names /
identifiers in string form was introduced.  This includes using OBJECT
IDENTIFIERs in canonical numeric text form as identifiers for fetching
algorithms.

Such OBJECT IDENTIFIERs may be received through the ASN.1 structure
AlgorithmIdentifier, which is commonly used in multiple protocols to specify
what cryptographic algorithm should be used to sign or verify, encrypt or
decrypt, or digest passed data.

Applications that call OBJ_obj2txt() directly with untrusted data are
affected, with any version of OpenSSL.  If the use is for the mere purpose
of display, the severity is considered low.

In OpenSSL 3.0 and newer, this affects the subsystems OCSP, PKCS7/SMIME,
CMS, CMP/CRMF or TS.  It also impacts anything that processes X.509
certificates, including simple things like verifying its signature.

The impact on TLS is relatively low, because all versions of OpenSSL...",CVE-2023-2650,Medium,,security,JFrog,alpine:libcrypto3,< 3.0.9-r0,3.0.9-r0,,3.17:libcrypto3,,6.5/CVSS:3.1/AV:N/AC:L/PR:N/UI:R/S:U/C:N/I:N/A:H,CWE-770,XRAY-607987,false,alpine://3.17:libcrypto3:3.0.8-r3,alpine://3.17:libcrypto3,"sha256__f56be85fc22e46face30e2c3de3f7fe7c15f8fd7c4e5add29d7f64b87abdaa09.tar.gz/3.17:libssl3:3.0.8-r3;
sha256__f56be85fc22e46face30e2c3de3f7fe7c15f8fd7c4e5add29d7f64b87abdaa09.tar.gz/3.17:libcrypto3:3.0.8-r3",Applicable
"Issue summary: Applications performing certificate name checks (e.g., TLS
clients checking server certificates) may attempt to read an invalid memory
address resulting in abnormal termination of the application process.

Impact summary: Abnormal termination of an application can a cause a denial of
service.

Applications performing certificate name checks (e.g., TLS clients checking
server certificates) may attempt to read an invalid memory address when
comparing the expected name with an `otherName` subject alternative name of an
X.509 certificate. This may result in an exception that terminates the
application program.

Note that basic certificate chain validation (signatures, dates, ...) is not
affected, the denial of service can occur only when the application also
specifies an expected DNS name, Email address or IP address.

TLS servers rarely solicit client certificates, and even when they do, they
generally don't perform a name check against a reference identifier (expected
identity), but rather extract the presented identity after checking the
certificate chain.  So TLS servers are generally not affected and the severity
of the issue is Moderate.

The FIPS modules in 3.3, 3.2, 3.1 and 3.0 are not affected by this issue.",CVE-2024-6119,Low,Medium,security,JFrog,alpine:libcrypto3,< 3.0.15-r0,3.0.15-r0,,3.17:libcrypto3,,7.5/CVSS:3.1/AV:N/AC:L/PR:N/UI:N/S:U/C:N/I:N/A:H,CWE-843,XRAY-632772,false,alpine://3.17:libcrypto3:3.0.8-r3,alpine://3.17:libcrypto3,"sha256__f56be85fc22e46face30e2c3de3f7fe7c15f8fd7c4e5add29d7f64b87abdaa09.tar.gz/3.17:libssl3:3.0.8-r3;
sha256__f56be85fc22e46face30e2c3de3f7fe7c15f8fd7c4e5add29d7f64b87abdaa09.tar.gz/3.17:libcrypto3:3.0.8-r3",Applicable
"Issue summary: Calling the OpenSSL API function SSL_select_next_proto with an
empty supported client protocols buffer may cause a crash or memory contents to
be sent to the peer.

Impact summary: A buffer overread can have a range of potential consequences
such as unexpected application beahviour or a crash. In particular this issue
could result in up to 255 bytes of arbitrary private data from memory being sent
to the peer leading to a loss of confidentiality. However, only applications
that directly call the SSL_select_next_proto function with a 0 length list of
supported client protocols are affected by this issue. This would normally never
be a valid scenario and is typically not under attacker control but may occur by
accident in the case of a configuration or programming error in the calling
application.

The OpenSSL API function SSL_select_next_proto is typically used by TLS
applications that support ALPN (Application Layer Protocol Negotiation) or NPN
(Next Protocol Negotiation). NPN is older, was never standardised and
is deprecated in favour of ALPN. We believe that ALPN is significantly more
widely deployed than NPN. The SSL_select_next_proto function accepts a list of
protocols from the server and a list of protocols from the client and returns
the first protocol that appears in the server list that also appears in the
client list. In the case of no overlap between the two lists it returns the
first item in the client list. In either case it will signal whether an overlap
between the two lists was found. In the case where SSL_select_next_proto is
called with a zero length client list it fails to notice this condition and
returns the memory immediately following the client list pointer (and reports
that there was no overlap in the lists).

This function is typically called from a server side application callback for
ALPN or a client side application callback for NPN. In the case of ALPN the list
of protocols supplied by the client is guaranteed by libssl to never be zero in
length. The list of ...",CVE-2024-5535,Low,Low,security,JFrog,alpine:libcrypto3,< 3.0.14-r0,3.0.14-r0,,3.17:libcrypto3,,9.1/CVSS:3.1/AV:N/AC:L/PR:N/UI:N/S:U/C:H/I:N/A:H,CWE-125,XRAY-607877,false,alpine://3.17:libcrypto3:3.0.8-r3,alpine://3.17:libcrypto3,"sha256__f56be85fc22e46face30e2c3de3f7fe7c15f8fd7c4e5add29d7f64b87abdaa09.tar.gz/3.17:libcrypto3:3.0.8-r3;
sha256__f56be85fc22e46face30e2c3de3f7fe7c15f8fd7c4e5add29d7f64b87abdaa09.tar.gz/3.17:libssl3:3.0.8-r3",Applicable
Prototype Pollution in GitHub repository automattic/mongoose prior to 7.3.4.,CVE-2023-3696,Critical,Critical,security,JFrog,mongoose,"< 5.13.20,6.0.0 ≤ Version < 6.11.3,7.0.0 ≤ Version < 7.3.3","5.13.20,6.11.3,7.3.3",,mongoose,,9.8/CVSS:3.1/AV:N/AC:L/PR:N/UI:N/S:U/C:H/I:H/A:H,CWE-1321,XRAY-525927,false,npm://mongoose:5.0.0,npm://mongoose,sha256__7ded2465c61dfe2b42e59390a496788532dfd7a3d1c980d186cd36a9e2133c06.tar.gz/app/node_modules/mongoose,Not Applicable
Versions of lodash lower than 4.17.12 are vulnerable to Prototype Pollution. The function defaultsDeep could be tricked into adding or modifying properties of Object.prototype using a constructor payload.,CVE-2019-10744,Critical,High,security,JFrog,lodash,< 4.17.12,4.17.12,2023-01-08T19:27:00Z,lodash,6.4/CVSS:2.0/AV:N/AC:L/Au:N/C:N/I:P/A:P,9.1/CVSS:3.1/AV:N/AC:L/PR:N/UI:N/S:U/C:N/I:H/A:H,"CWE-1321,CWE-20",XRAY-85679,false,npm://lodash:4.17.4,npm://lodash,sha256__7ded2465c61dfe2b42e59390a496788532dfd7a3d1c980d186cd36a9e2133c06.tar.gz/app/node_modules/lodash,Not Applicable
The ip package before 1.1.9 for Node.js might allow SSRF because some IP addresses (such as 0x7f.1) are improperly categorized as globally routable via isPublic.,CVE-2023-42282,Critical,High,security,JFrog,ip,"< 1.1.9,2.0.0","1.1.9,2.0.1",,ip,,9.8/CVSS:3.1/AV:N/AC:L/PR:N/UI:N/S:U/C:H/I:H/A:H,CWE-918,XRAY-590313,false,npm://ip:1.1.5,npm://ip,sha256__8f665685b215c7daf9164545f1bbdd74d800af77d0d267db31fe0345c0c8fb8b.tar.gz/usr/local/lib/node_modules/npm/node_modules/ip,Not Applicable
"Axios is a promise based HTTP client for the browser and Node.js. Prior to 1.15.0 and 0.31.0, Axios does not correctly handle hostname normalization when checking NO_PROXY rules. Requests to loopback addresses like localhost. (with a trailing dot) or [::1] (IPv6 literal) skip NO_PROXY matching and go through the configured proxy. This goes against what developers expect and lets attackers force requests through a proxy, even if NO_PROXY is set up to protect loopback or internal services. This issue leads to the possibility of proxy bypass and SSRF vulnerabilities allowing attackers to reach sensitive loopback or internal services despite the configured protections. This vulnerability is fixed in 1.15.0 and 0.31.0.",CVE-2025-62718,Critical,Medium,security,JFrog,axios,"< 0.31.0,1.0.0 ≤ Version < 1.15.0","0.31.0,1.15.0",,axios,,9.9/CVSS:3.1/AV:N/AC:L/PR:N/UI:N/S:C/C:H/I:L/A:L,"CWE-918,CWE-441",XRAY-963018,false,npm://axios:0.18.0,npm://axios,sha256__7ded2465c61dfe2b42e59390a496788532dfd7a3d1c980d186cd36a9e2133c06.tar.gz/app/node_modules/axios,Not Applicable
Versions of the package tough-cookie before 4.1.3 are vulnerable to Prototype Pollution due to improper handling of Cookies when using CookieJar in rejectPublicSuffixes=false mode. This issue arises from the manner in which the objects are initialized.,CVE-2023-26136,Critical,Medium,security,JFrog,tough-cookie,< 4.1.3,4.1.3,,tough-cookie,,9.8/CVSS:3.1/AV:N/AC:L/PR:N/UI:N/S:U/C:H/I:H/A:H,CWE-1321,XRAY-522747,false,npm://tough-cookie:2.5.0,npm://tough-cookie,sha256__8f665685b215c7daf9164545f1bbdd74d800af77d0d267db31fe0345c0c8fb8b.tar.gz/usr/local/lib/node_modules/npm/node_modules/tough-cookie,Not Applicable
"Axios is a promise based HTTP client for the browser and Node.js. Prior to 1.15.1 and 0.31.1, an attacker who can influence the target URL of an Axios request can use any address in the 127.0.0.0/8 range (other than 127.0.0.1) to completely bypass the NO_PROXY protection. This vulnerability is due to an incomplete for CVE-2025-62718, This vulnerability is fixed in 1.15.1 and 0.31.1.",CVE-2026-42043,Critical,Low,security,JFrog,axios,"≤ 0.31.0,1.0.0 ≤ Version < 1.15.1","0.31.1,1.15.1",,axios,,10.0/CVSS:3.1/AV:N/AC:L/PR:N/UI:N/S:C/C:H/I:H/A:N,"CWE-441,CWE-183,CWE-918",XRAY-975955,false,npm://axios:0.18.0,npm://axios,sha256__7ded2465c61dfe2b42e59390a496788532dfd7a3d1c980d186cd36a9e2133c06.tar.gz/app/node_modules/axios,Not Applicable
"Use of Insufficiently Random Values vulnerability in form-data allows HTTP Parameter Pollution (HPP). This vulnerability is associated with program files lib/form_data.Js.

This issue affects form-data: < 2.5.4, 3.0.0 - 3.0.3, 4.0.0 - 4.0.3.",CVE-2025-7783,Critical,Low,security,JFrog,form-data,"< 2.5.4,3.0.0 ≤ Version < 3.0.4,4.0.0 ≤ Version < 4.0.4","2.5.4,3.0.4,4.0.4",,form-data,,,CWE-330,XRAY-711280,false,npm://form-data:2.3.3,npm://form-data,sha256__8f665685b215c7daf9164545f1bbdd74d800af77d0d267db31fe0345c0c8fb8b.tar.gz/usr/local/lib/node_modules/npm/node_modules/form-data,Not Applicable
"In axios before 1.7.8, lib/helpers/isURLSameOrigin.js does not use a URL object when determining an origin, and has a potentially unwanted setAttribute('href',href) call. NOTE: some parties feel that the code change only addresses a warning message from a SAST tool and does not fix a vulnerability.",CVE-2024-57965,Critical,Low,security,JFrog,axios,< 1.7.8,,,axios,,9.8/CVSS:3.1/AV:N/AC:L/PR:N/UI:N/S:U/C:H/I:H/A:H,CWE-346,XRAY-668918,false,npm://axios:0.18.0,npm://axios,sha256__7ded2465c61dfe2b42e59390a496788532dfd7a3d1c980d186cd36a9e2133c06.tar.gz/app/node_modules/axios,Not Applicable
"An arbitrary file upload vulnerability in formidable v3.1.4 allows attackers to execute arbitrary code via a crafted filename. NOTE: some third parties dispute this issue because the product has common use cases in which uploading arbitrary files is the desired behavior. Also, there are configuration options in all versions that can change the default behavior of how files are handled. Strapi does not consider this to be a valid vulnerability.",CVE-2022-29622,Critical,Low,security,JFrog,formidable,< 3.2.4,3.2.4,2023-02-12T08:35:00Z,formidable,7.5/CVSS:2.0/AV:N/AC:L/Au:N/C:P/I:P/A:P,9.8/CVSS:3.1/AV:N/AC:L/PR:N/UI:N/S:U/C:H/I:H/A:H,CWE-434,XRAY-210920,false,npm://formidable:2.1.5,npm://formidable,sha256__7ded2465c61dfe2b42e59390a496788532dfd7a3d1c980d186cd36a9e2133c06.tar.gz/app/node_modules/formidable,Not Applicable
"Issue summary: Converting an excessively large OCTET STRING value to
a hexadecimal string leads to a heap buffer overflow on 32 bit platforms.

Impact summary: A heap buffer overflow may lead to a crash or possibly
an attacker controlled code execution or other undefined behavior.

If an attacker can supply a crafted X.509 certificate with an excessively
large OCTET STRING value in extensions such as the Subject Key Identifier
(SKID) or Authority Key Identifier (AKID) which are being converted to hex,
the size of the buffer needed for the result is calculated as multiplication
of the input length by 3. On 32 bit platforms, this multiplication may overflow
resulting in the allocation of a smaller buffer and a heap buffer overflow.

Applications and services that print or log contents of untrusted X.509
certificates are vulnerable to this issue. As the certificates would have
to have sizes of over 1 Gigabyte, printing or logging such certificates
is a fairly unlikely operation and only 32 bit platforms are affected,
this issue was assigned Low severity.

The FIPS modules in 3.6, 3.5, 3.4, 3.3 and 3.0 are not affected by this
issue, as the affected code is outside the OpenSSL FIPS module boundary.",CVE-2026-31789,Critical,,security,JFrog,alpine:libcrypto3,< 3.5.6-r0,3.5.6-r0,,3.17:libcrypto3,,9.8/CVSS:3.1/AV:N/AC:L/PR:N/UI:N/S:U/C:H/I:H/A:H,CWE-787,XRAY-962286,false,alpine://3.17:libssl3:3.0.8-r3,alpine://3.17:libcrypto3,"sha256__f56be85fc22e46face30e2c3de3f7fe7c15f8fd7c4e5add29d7f64b87abdaa09.tar.gz/3.17:libcrypto3:3.0.8-r3;
sha256__f56be85fc22e46face30e2c3de3f7fe7c15f8fd7c4e5add29d7f64b87abdaa09.tar.gz/3.17:libssl3:3.0.8-r3",Not Applicable
"Impact: The fix for CVE-2021-23337 (https://github.com/advisories/GHSA-35jh-r3h4-6jhm) added validation for the variable option in _.template but did not apply the same validation to options.imports key names. Both paths flow into the same Function() constructor sink. When an application passes untrusted input as options.imports key names, an attacker can inject default-parameter expressions that execute arbitrary code at template compilation time. Additionally, _.template uses assignInWith to merge imports, which enumerates inherited properties via for..in. If Object.prototype has been polluted by any other vector, the polluted keys are copied into the imports object and passed to Function(). Patches: Users should upgrade to version 4.18.0. Workarounds: Do not pass untrusted input as key names in options.imports. Only use developer-controlled, static key names.",CVE-2026-4800,Critical,,security,JFrog,lodash,4.0.0 ≤ Version ≤ 4.17.23,4.18.0,,lodash,,9.8/CVSS:3.1/AV:N/AC:L/PR:N/UI:N/S:U/C:H/I:H/A:H,CWE-94,XRAY-959813,false,npm://lodash:4.17.4,npm://lodash,sha256__7ded2465c61dfe2b42e59390a496788532dfd7a3d1c980d186cd36a9e2133c06.tar.gz/app/node_modules/lodash,Not Applicable
"All versions of bson before 1.1.4 are vulnerable to Deserialization of Untrusted Data. The package will ignore an unknown value for an object's _bsotype, leading to cases where an object is serialized as a document rather than the intended BSON type.",CVE-2020-7610,Critical,,security,JFrog,bson,< 1.1.4,1.1.4,,bson,7.5/CVSS:2.0/AV:N/AC:L/Au:N/C:P/I:P/A:P,9.8/CVSS:3.1/AV:N/AC:L/PR:N/UI:N/S:U/C:H/I:H/A:H,CWE-502,XRAY-95944,false,npm://bson:1.0.9,npm://bson,sha256__7ded2465c61dfe2b42e59390a496788532dfd7a3d1c980d186cd36a9e2133c06.tar.gz/app/node_modules/bson,Not Applicable
"Automattic Mongoose through 5.7.4 allows attackers to bypass access control (in some applications) because any query object with a _bsontype attribute is ignored. For example, adding ""_bsontype"":""a"" can sometimes interfere with a query filter. NOTE: this CVE is about Mongoose's failure to work around this _bsontype special case that exists in older versions of the bson parser (aka the mongodb/js-bson project).",CVE-2019-17426,Critical,,security,JFrog,mongoose,"< 4.13.21,5.0.0 ≤ Version < 5.7.5","4.13.21,5.7.5",,mongoose,6.4/CVSS:2.0/AV:N/AC:L/Au:N/C:P/I:P/A:N,9.1/CVSS:3.1/AV:N/AC:L/PR:N/UI:N/S:U/C:H/I:H/A:N,"CWE-20,NVD-CWE-noinfo",XRAY-90154,false,npm://mongoose:5.0.0,npm://mongoose,sha256__7ded2465c61dfe2b42e59390a496788532dfd7a3d1c980d186cd36a9e2133c06.tar.gz/app/node_modules/mongoose,Not Applicable
Prototype Pollution in GitHub repository automattic/mongoose prior to 6.4.6.,CVE-2022-2564,Critical,,security,JFrog,mongoose,"< 5.13.15,6.0.0 ≤ Version < 6.4.6","5.13.15,6.4.6",,mongoose,,9.8/CVSS:3.1/AV:N/AC:L/PR:N/UI:N/S:U/C:H/I:H/A:H,CWE-1321,XRAY-246807,false,npm://mongoose:5.0.0,npm://mongoose,sha256__7ded2465c61dfe2b42e59390a496788532dfd7a3d1c980d186cd36a9e2133c06.tar.gz/app/node_modules/mongoose,Not Applicable
"This affects the package mpath before 0.8.4. A type confusion vulnerability can lead to a bypass of CVE-2018-16490. In particular, the condition ignoreProperties.indexOf(parts[i]) !== -1 returns -1 if parts[i] is ['__proto__']. This is because the method that has been called if the input is an array is Array.prototype.indexOf() and not String.prototype.indexOf(). They behave differently depending on the type of the input.",CVE-2021-23438,Critical,,security,JFrog,mpath,< 0.8.4,0.8.4,,mpath,7.5/CVSS:2.0/AV:N/AC:L/Au:N/C:P/I:P/A:P,9.8/CVSS:3.1/AV:N/AC:L/PR:N/UI:N/S:U/C:H/I:H/A:H,CWE-843,XRAY-184378,false,npm://mpath:0.3.0,npm://mpath,sha256__7ded2465c61dfe2b42e59390a496788532dfd7a3d1c980d186cd36a9e2133c06.tar.gz/app/node_modules/mpath,Not Applicable
Prototype pollution attack when using _.zipObjectDeep in lodash before 4.17.20.,CVE-2020-8203,High,Critical,security,JFrog,lodash,3.7.0 ≤ Version < 4.17.19,4.17.19,2023-01-08T19:30:00Z,lodash,5.8/CVSS:2.0/AV:N/AC:M/Au:N/C:N/I:P/A:P,7.4/CVSS:3.1/AV:N/AC:H/PR:N/UI:N/S:U/C:N/I:H/A:H,"CWE-770,CWE-1321",XRAY-114089,false,npm://lodash:4.17.4,npm://lodash,sha256__7ded2465c61dfe2b42e59390a496788532dfd7a3d1c980d186cd36a9e2133c06.tar.gz/app/node_modules/lodash,Not Applicable
"node-tar is a full-featured Tar for Node.js. When using default options in versions 7.5.7 and below, an attacker-controlled archive can create a hardlink inside the extraction directory that points to a file outside the extraction root, enabling arbitrary file read and write as the extracting user. Severity is high because the primitive bypasses path protections and turns archive extraction into a direct filesystem access primitive. This issue has been fixed in version 7.5.8.",CVE-2026-26960,High,High,security,JFrog,tar,< 7.5.8,7.5.8,,tar,,7.1/CVSS:3.1/AV:L/AC:L/PR:N/UI:R/S:U/C:H/I:H/A:N,CWE-22,XRAY-944085,false,npm://tar:4.4.19,npm://tar,sha256__8f665685b215c7daf9164545f1bbdd74d800af77d0d267db31fe0345c0c8fb8b.tar.gz/usr/local/lib/node_modules/npm/node_modules/tar,Not Applicable
"node-tar,a Tar for Node.js, contains a vulnerability in versions prior to 7.5.7 where the security check for hardlink entries uses different path resolution semantics than the actual hardlink creation logic. This mismatch allows an attacker to craft a malicious TAR archive that bypasses path traversal protections and creates hardlinks to arbitrary files outside the extraction directory. Version 7.5.7 contains a fix for the issue.",CVE-2026-24842,High,High,security,JFrog,tar,< 7.5.7,7.5.7,,tar,,8.2/CVSS:3.1/AV:N/AC:L/PR:N/UI:R/S:C/C:H/I:L/A:N,"CWE-22,CWE-59",XRAY-937480,false,npm://tar:4.4.19,npm://tar,sha256__8f665685b215c7daf9164545f1bbdd74d800af77d0d267db31fe0345c0c8fb8b.tar.gz/usr/local/lib/node_modules/npm/node_modules/tar,Not Applicable
"The ip package through 2.0.1 for Node.js might allow SSRF because some IP addresses (such as 127.1, 01200034567, 012.1.2.3, 000:0:0000::01, and ::fFFf:127.0.0.1) are improperly categorized as globally routable via isPublic. NOTE: this issue exists because of an incomplete fix for CVE-2023-42282.",CVE-2024-29415,High,High,security,JFrog,ip,≤ 2.0.1,,,ip,,8.1/CVSS:3.1/AV:N/AC:H/PR:N/UI:N/S:U/C:H/I:H/A:H,"CWE-918,CWE-941",XRAY-604072,false,npm://ip:1.1.5,npm://ip,sha256__8f665685b215c7daf9164545f1bbdd74d800af77d0d267db31fe0345c0c8fb8b.tar.gz/usr/local/lib/node_modules/npm/node_modules/ip,Not Applicable
"This affects versions of the package http-cache-semantics before 4.1.1. The issue can be exploited via malicious request header values sent to a server, when that server reads the cache policy from the request using this library.",CVE-2022-25881,High,High,security,JFrog,http-cache-semantics,< 4.1.1,4.1.1,2023-03-19T08:11:00Z,http-cache-semantics,,7.5/CVSS:3.1/AV:N/AC:L/PR:N/UI:N/S:U/C:N/I:N/A:H,CWE-1333,XRAY-416411,false,npm://http-cache-semantics:3.8.1,npm://http-cache-semantics,sha256__8f665685b215c7daf9164545f1bbdd74d800af77d0d267db31fe0345c0c8fb8b.tar.gz/usr/local/lib/node_modules/npm/node_modules/http-cache-semantics,Not Applicable
"qs before 6.10.3, as used in Express before 4.17.3 and other products, allows attackers to cause a Node process hang for an Express application because an __ proto__ key can be used. In many typical Express use cases, an unauthenticated remote attacker can place the attack payload in the query string of the URL that is used to visit the application, such as a[__proto__]=b&a[__proto__]&a[length]=100000000. The fix was backported to qs 6.9.7, 6.8.3, 6.7.3, 6.6.1, 6.5.3, 6.4.1, 6.3.3, and 6.2.4 (and therefore Express 4.17.3, which has ""deps: qs@6.9.7"" in its release description, is not vulnerable).",CVE-2022-24999,High,High,security,JFrog,qs,"< 6.2.4,6.10.0 ≤ Version < 6.10.3,6.3.0 ≤ Version < 6.3.3,6.4.0 ≤ Version < 6.4.1,6.5.0 ≤ Version < 6.5.3,6.6.0 ≤ Version < 6.6.1,6.7.0 ≤ Version < 6.7.3,6.8.0 ≤ Version < 6.8.3,6.9.0 ≤ Version < 6.9.7","6.10.3,6.2.4,6.3.3,6.4.1,6.5.3,6.6.1,6.7.3,6.8.3,6.9.7",2023-01-11T21:21:00Z,qs,,7.5/CVSS:3.1/AV:N/AC:L/PR:N/UI:N/S:U/C:N/I:N/A:H,CWE-1321,XRAY-262099,false,npm://qs:6.5.1,npm://qs,sha256__7ded2465c61dfe2b42e59390a496788532dfd7a3d1c980d186cd36a9e2133c06.tar.gz/app/node_modules/qs,Not Applicable
"Moment.js is a JavaScript date library for parsing, validating, manipulating, and formatting dates. A path traversal vulnerability impacts npm (server) users of Moment.js between versions 1.0.1 and 2.29.1, especially if a user-provided locale string is directly used to switch moment locale. This problem is patched in 2.29.2, and the patch can be applied to all affected versions. As a workaround, sanitize the user-provided locale name before passing it to Moment.js.",CVE-2022-24785,High,High,security,JFrog,moment,< 2.29.2,2.29.2,2023-01-08T19:26:00Z,moment,5.0/CVSS:2.0/AV:N/AC:L/Au:N/C:N/I:P/A:N,7.5/CVSS:3.1/AV:N/AC:L/PR:N/UI:N/S:U/C:N/I:H/A:N,"CWE-27,CWE-22",XRAY-203039,false,npm://moment:2.19.3,npm://moment,sha256__7ded2465c61dfe2b42e59390a496788532dfd7a3d1c980d186cd36a9e2133c06.tar.gz/app/node_modules/moment,Not Applicable
"brace-expansion through 5.0.7 is vulnerable to denial of service via memory exhaustion. The expand() function limits the number of results with a max option (default 100,000) but does not bound the length of each result string. By chaining multiple brace groups, an attacker keeps the result count under the limit while making each result progressively longer, so total memory scales with both count and string length until the process hits a fatal, uncatchable out-of-memory error. About 7.5 KB of input ('{a,b}'.repeat(1500)) crashes a default Node.js process. Any application that passes attacker-influenced strings to brace-expansion.expand() - directly or transitively via minimatch / glob brace patterns - can be crashed by a small request. Fixed in 5.0.8 by adding a maxLength option (default 4,000,000) that bounds accumulated output and intermediate arrays.",CVE-2026-14257,High,High,security,JFrog,brace-expansion,"< 1.1.17,2.0.0 ≤ Version < 2.1.3,3.0.0 ≤ Version < 3.0.3,4.0.0 ≤ Version ≤ 5.0.7","1.1.17,2.1.3,3.0.3,5.0.8",,brace-expansion,,7.5/CVSS:3.1/AV:N/AC:L/PR:N/UI:N/S:U/C:N/I:N/A:H,"CWE-400,CWE-770",XRAY-1033988,false,npm://brace-expansion:1.1.11,npm://brace-expansion,sha256__8f665685b215c7daf9164545f1bbdd74d800af77d0d267db31fe0345c0c8fb8b.tar.gz/usr/local/lib/node_modules/npm/node_modules/brace-expansion,Not Applicable
"Axios is a promise based HTTP client for the browser and Node.js. Prior to 0.32.0 and 1.16.0, Axios’s Node.js HTTP adapter may forward a Proxy-Authorization header to a redirected origin during specific proxy-to-direct redirect flows. This affects Node.js usage, where an initial HTTP request is sent through an authenticated HTTP proxy, redirects are followed, and the redirected URL is no longer proxied. Under affected redirect shapes, the final origin can receive the proxy credential that was intended only for the outbound proxy. This vulnerability is fixed in 0.32.0 and 1.16.0.",CVE-2026-44487,High,Medium,security,JFrog,axios,"≤ 0.31.1,1.0.0 ≤ Version < 1.16.0","0.32.0,1.16.0",,axios,,7.5/CVSS:3.1/AV:N/AC:L/PR:N/UI:N/S:U/C:H/I:N/A:N,CWE-201,XRAY-995615,false,npm://axios:0.18.0,npm://axios,sha256__7ded2465c61dfe2b42e59390a496788532dfd7a3d1c980d186cd36a9e2133c06.tar.gz/app/node_modules/axios,Not Applicable
"Axios is a promise based HTTP client for the browser and Node.js. Prior to 0.32.0 and 1.16.0, Axios’ Node.js HTTP adapter can leak proxy credentials to a redirect target in affected versions. When a request is sent through an authenticated proxy, Axios may add a Proxy-Authorization header. If Axios then follows a redirect and the redirected request is no longer sent through that proxy, the stale Proxy-Authorization header can remain on the redirected request and be sent to the redirect target. This affects Node.js's use of Axios with automatic redirects enabled and an authenticated proxy configuration. Browser adapters are not affected. This vulnerability is fixed in 0.32.0 and 1.16.0.",CVE-2026-44486,High,Medium,security,JFrog,axios,"≤ 0.31.1,1.0.0 ≤ Version < 1.16.0","0.32.0,1.16.0",,axios,,7.5/CVSS:3.1/AV:N/AC:L/PR:N/UI:N/S:U/C:H/I:N/A:N,CWE-200,XRAY-995614,false,npm://axios:0.18.0,npm://axios,sha256__7ded2465c61dfe2b42e59390a496788532dfd7a3d1c980d186cd36a9e2133c06.tar.gz/app/node_modules/axios,Not Applicable
"Axios is a promise based HTTP client for the browser and Node.js. Prior to 0.32.0 and 1.16.0, axios exposes two read-side prototype-pollution gadgets. When Object.prototype is polluted by an upstream dependency in the same process (e.g. lodash _.merge / CVE-2018-16487), axios silently picks up the polluted values. (1) lib/utils.js line 406 builds merge()'s accumulator as result = {}, so result[targetKey] (line 414) walks Object.prototype and the polluted bucket's own keys are copied into the merged headers and ride out on the wire. (2) lib/core/mergeConfig.js line 26 builds the hasOwnProperty descriptor as a plain-object literal. Object.defineProperty reads descriptor.get/descriptor.set via the prototype chain, so a polluted Object.prototype.get or Object.prototype.set makes the call throw TypeError synchronously on every axios request. This vulnerability is fixed in 0.32.0 and 1.16.0.",CVE-2026-44490,High,Medium,security,JFrog,axios,"≤ 0.31.1,1.0.0 ≤ Version < 1.16.0","0.32.0,1.16.0",,axios,,8.2/CVSS:3.1/AV:N/AC:L/PR:N/UI:N/S:U/C:N/I:L/A:H,CWE-1321,XRAY-992702,false,npm://axios:0.18.0,npm://axios,sha256__7ded2465c61dfe2b42e59390a496788532dfd7a3d1c980d186cd36a9e2133c06.tar.gz/app/node_modules/axios,Not Applicable
"minimatch is a minimal matching utility for converting glob expressions into JavaScript RegExp objects. Prior to version 10.2.3, 9.0.7, 8.0.6, 7.4.8, 6.2.2, 5.1.8, 4.2.5, and 3.1.4, nested `*()` extglobs produce regexps with nested unbounded quantifiers (e.g. `(?:(?:a|b)*)*`), which exhibit catastrophic backtracking in V8. With a 12-byte pattern `*(*(*(a|b)))` and an 18-byte non-matching input, `minimatch()` stalls for over 7 seconds. Adding a single nesting level or a few input characters pushes this to minutes. This is the most severe finding: it is triggered by the default `minimatch()` API with no special options, and the minimum viable pattern is only 12 bytes. The same issue affects `+()` extglobs equally. Versions 10.2.3, 9.0.7, 8.0.6, 7.4.8, 6.2.2, 5.1.8, 4.2.5, and 3.1.4 fix the issue.",CVE-2026-27904,High,Medium,security,JFrog,minimatch,"< 3.1.4,10.0.0 ≤ Version < 10.2.3,4.0.0 ≤ Version < 4.2.5,5.0.0 ≤ Version < 5.1.8,6.0.0 ≤ Version < 6.2.2,7.0.0 ≤ Version < 7.4.8,8.0.0 ≤ Version < 8.0.6,9.0.0 ≤ Version < 9.0.7","10.2.3,3.1.4,4.2.5,5.1.8,6.2.2,7.4.8,8.0.6,9.0.7",,minimatch,,7.5/CVSS:3.1/AV:N/AC:L/PR:N/UI:N/S:U/C:N/I:N/A:H,CWE-1333,XRAY-947413,false,npm://minimatch:3.1.2,npm://minimatch,"sha256__8f665685b215c7daf9164545f1bbdd74d800af77d0d267db31fe0345c0c8fb8b.tar.gz/usr/local/lib/node_modules/npm/node_modules/glob/node_modules/minimatch;
sha256__8f665685b215c7daf9164545f1bbdd74d800af77d0d267db31fe0345c0c8fb8b.tar.gz/usr/local/lib/node_modules/npm/node_modules/minimatch",Not Applicable
"minimatch is a minimal matching utility for converting glob expressions into JavaScript RegExp objects. Prior to version 10.2.3, 9.0.7, 8.0.6, 7.4.8, 6.2.2, 5.1.8, 4.2.5, and 3.1.3, `matchOne()` performs unbounded recursive backtracking when a glob pattern contains multiple non-adjacent `**` (GLOBSTAR) segments and the input path does not match. The time complexity is O(C(n, k)) -- binomial -- where `n` is the number of path segments and `k` is the number of globstars. With k=11 and n=30, a call to the default `minimatch()` API stalls for roughly 5 seconds. With k=13, it exceeds 15 seconds. No memoization or call budget exists to bound this behavior. Any application where an attacker can influence the glob pattern passed to `minimatch()` is vulnerable. The realistic attack surface includes build tools and task runners that accept user-supplied glob arguments (ESLint, Webpack, Rollup config), multi-tenant systems where one tenant configures glob-based rules that run in a shared process, admin or developer interfaces that accept ignore-rule or filter configuration as globs, and CI/CD pipelines that evaluate user-submitted config files containing glob patterns. An attacker who can place a crafted pattern into any of these paths can stall the Node.js event loop for tens of seconds per invocation. The pattern is 56 bytes for a 5-second stall and does not require authentication in contexts where pattern input is part of the feature. Versions 10.2.3, 9.0.7, 8.0.6, 7.4.8, 6.2.2, 5.1.8, 4.2.5, and 3.1.3 fix the issue.",CVE-2026-27903,High,Medium,security,JFrog,minimatch,"10.0.0 ≤ Version < 10.2.3,3.0.0 ≤ Version < 3.1.3,4.0.0 ≤ Version < 4.2.5,5.0.0 ≤ Version < 5.1.8,6.0.0 ≤ Version < 6.2.2,7.0.0 ≤ Version < 7.4.8,8.0.0 ≤ Version < 8.0.6,9.0.0 ≤ Version < 9.0.7","10.2.3,3.1.3,4.2.5,5.1.8,6.2.2,7.4.8,8.0.6,9.0.7",,minimatch,,7.5/CVSS:3.1/AV:N/AC:L/PR:N/UI:N/S:U/C:N/I:N/A:H,CWE-407,XRAY-947093,false,npm://minimatch:3.1.2,npm://minimatch,"sha256__8f665685b215c7daf9164545f1bbdd74d800af77d0d267db31fe0345c0c8fb8b.tar.gz/usr/local/lib/node_modules/npm/node_modules/glob/node_modules/minimatch;
sha256__8f665685b215c7daf9164545f1bbdd74d800af77d0d267db31fe0345c0c8fb8b.tar.gz/usr/local/lib/node_modules/npm/node_modules/minimatch",Not Applicable
"minimatch is a minimal matching utility for converting glob expressions into JavaScript RegExp objects. Versions 10.2.0 and below are vulnerable to Regular Expression Denial of Service (ReDoS) when a glob pattern contains many consecutive * wildcards followed by a literal character that doesn't appear in the test string. Each * compiles to a separate [^/]*? regex group, and when the match fails, V8's regex engine backtracks exponentially across all possible splits. The time complexity is O(4^N) where N is the number of * characters. With N=15, a single minimatch() call takes ~2 seconds. With N=34, it hangs effectively forever. Any application that passes user-controlled strings to minimatch() as the pattern argument is vulnerable to DoS. This issue has been fixed in version 10.2.1.",CVE-2026-26996,High,Medium,security,JFrog,minimatch,"10.0.0 ≤ Version ≤ 10.2.0,3.0.0 ≤ Version ≤ 3.1.2,4.0.0 ≤ Version ≤ 4.2.3,5.0.0 ≤ Version ≤ 5.1.6,6.0.0 ≤ Version ≤ 6.2.0,7.0.0 ≤ Version ≤ 7.4.6,8.0.0 ≤ Version ≤ 8.0.4,9.0.0 ≤ Version ≤ 9.0.5","10.2.1,3.1.3,4.2.4,5.1.7,6.2.1,7.4.7,8.0.5,9.0.6",,minimatch,,7.5/CVSS:3.1/AV:N/AC:L/PR:N/UI:N/S:U/C:N/I:N/A:H,CWE-1333,XRAY-944492,false,npm://minimatch:3.1.2,npm://minimatch,"sha256__8f665685b215c7daf9164545f1bbdd74d800af77d0d267db31fe0345c0c8fb8b.tar.gz/usr/local/lib/node_modules/npm/node_modules/glob/node_modules/minimatch;
sha256__8f665685b215c7daf9164545f1bbdd74d800af77d0d267db31fe0345c0c8fb8b.tar.gz/usr/local/lib/node_modules/npm/node_modules/minimatch",Not Applicable
"Axios is a promise based HTTP client for the browser and Node.js. Prior to versions 0.30.3 and 1.13.5, the mergeConfig function in axios crashes with a TypeError when processing configuration objects containing __proto__ as an own property. An attacker can trigger this by providing a malicious configuration object created via JSON.parse(), causing complete denial of service. This vulnerability is fixed in versions 0.30.3 and 1.13.5.",CVE-2026-25639,High,Medium,security,JFrog,axios,"≤ 0.30.2,1.0.0 ≤ Version ≤ 1.13.4","0.30.3,1.13.5",,axios,,7.5/CVSS:3.1/AV:N/AC:L/PR:N/UI:N/S:U/C:N/I:N/A:H,"CWE-1321,CWE-754",XRAY-941450,false,npm://axios:0.18.0,npm://axios,sha256__7ded2465c61dfe2b42e59390a496788532dfd7a3d1c980d186cd36a9e2133c06.tar.gz/app/node_modules/axios,Not Applicable
musl libc 0.9.13 through 1.2.5 before 1.2.6 has an out-of-bounds write vulnerability when an attacker can trigger iconv conversion of untrusted EUC-KR text to UTF-8.,CVE-2025-26519,High,Medium,security,JFrog,alpine:musl-utils,< 1.2.3-r6,1.2.3-r6,,3.17:musl-utils,,7.0/CVSS:3.1/AV:L/AC:H/PR:L/UI:N/S:U/C:H/I:H/A:H,CWE-787,XRAY-670912,false,alpine://3.17:musl-utils:1.2.3-r4,alpine://3.17:musl-utils,"sha256__f56be85fc22e46face30e2c3de3f7fe7c15f8fd7c4e5add29d7f64b87abdaa09.tar.gz/3.17:musl:1.2.3-r4;
sha256__f56be85fc22e46face30e2c3de3f7fe7c15f8fd7c4e5add29d7f64b87abdaa09.tar.gz/3.17:musl-utils:1.2.3-r4",Not Applicable
"path-to-regexp turns path strings into a regular expressions. In certain cases, path-to-regexp will output a regular expression that can be exploited to cause poor performance. Because JavaScript is single threaded and regex matching runs on the main thread, poor performance will block the event loop and lead to a DoS. The bad regular expression is generated any time you have two parameters within a single segment, separated by something that is not a period (.). For users of 0.1, upgrade to 0.1.10. All other users should upgrade to 8.0.0.",CVE-2024-45296,High,Medium,security,JFrog,path-to-regexp,"< 0.1.10,0.2.0 ≤ Version < 1.9.0,2.0.0 ≤ Version < 3.3.0,4.0.0 ≤ Version < 6.3.0,7.0.0 ≤ Version < 8.0.0","0.1.10,1.9.0,3.3.0,6.3.0,8.0.0",,path-to-regexp,,7.5/CVSS:3.1/AV:N/AC:L/PR:N/UI:N/S:U/C:N/I:N/A:H,CWE-1333,XRAY-642520,false,npm://path-to-regexp:0.1.7,npm://path-to-regexp,sha256__7ded2465c61dfe2b42e59390a496788532dfd7a3d1c980d186cd36a9e2133c06.tar.gz/app/node_modules/path-to-regexp,Not Applicable
"Issue summary: A bug has been identified in the processing of key and
initialisation vector (IV) lengths.  This can lead to potential truncation
or overruns during the initialisation of some symmetric ciphers.

Impact summary: A truncation in the IV can result in non-uniqueness,
which could result in loss of confidentiality for some cipher modes.

When calling EVP_EncryptInit_ex2(), EVP_DecryptInit_ex2() or
EVP_CipherInit_ex2() the provided OSSL_PARAM array is processed after
the key and IV have been established.  Any alterations to the key length,
via the ""keylen"" parameter or the IV length, via the ""ivlen"" parameter,
within the OSSL_PARAM array will not take effect as intended, potentially
causing truncation or overreading of these values.  The following ciphers
and cipher modes are impacted: RC2, RC4, RC5, CCM, GCM and OCB.

For the CCM, GCM and OCB cipher modes, truncation of the IV can result in
loss of confidentiality.  For example, when following NIST's SP 800-38D
section 8.2.1 guidance for constructing a deterministic IV for AES in
GCM mode, truncation of the counter portion could lead to IV reuse.

Both truncations and overruns of the key and overruns of the IV will
produce incorrect results and could, in some cases, trigger a memory
exception.  However, these issues are not currently assessed as security
critical.

Changing the key and/or IV lengths is not considered to be a common operation
and the vulnerable API was recently introduced. Furthermore it is likely that
application developers will have spotted this problem during testing since
decryption would fail unless both peers in the communication were similarly
vulnerable. For these reasons we expect the probability of an application being
vulnerable to this to be quite low. However if an application is vulnerable then
this issue is considered very serious. For these reasons we have assessed this
issue as Moderate severity overall.

The OpenSSL SSL/TLS implementation is not affected by this issue.

The OpenSSL 3.0 and 3.1 FIPS providers are...",CVE-2023-5363,High,Medium,security,JFrog,alpine:libcrypto3,< 3.0.12-r0,3.0.12-r0,,3.17:libcrypto3,,7.5/CVSS:3.1/AV:N/AC:L/PR:N/UI:N/S:U/C:H/I:N/A:N,"CWE-684,NVD-CWE-noinfo",XRAY-534478,false,alpine://3.17:libssl3:3.0.8-r3,alpine://3.17:libcrypto3,"sha256__f56be85fc22e46face30e2c3de3f7fe7c15f8fd7c4e5add29d7f64b87abdaa09.tar.gz/3.17:libssl3:3.0.8-r3;
sha256__f56be85fc22e46face30e2c3de3f7fe7c15f8fd7c4e5add29d7f64b87abdaa09.tar.gz/3.17:libcrypto3:3.0.8-r3",Not Applicable
"Versions `<=8.5.1` of `jsonwebtoken` library could be misconfigured so that legacy, insecure key types are used for signature verification. For example, DSA keys could be used with the RS256 algorithm. You are affected if you are using an algorithm and a key type other than a combination listed in the GitHub Security Advisory as unaffected. This issue has been fixed, please update to version 9.0.0. This version validates for asymmetric key type and algorithm combinations. Please refer to the above mentioned algorithm / key type combinations for the valid secure configuration. After updating to version 9.0.0, if you still intend to continue with signing or verifying tokens using invalid key type/algorithm value combinations, you’ll need to set the `allowInvalidAsymmetricKeyTypes` option  to `true` in the `sign()` and/or `verify()` functions.",CVE-2022-23539,High,Medium,security,JFrog,jsonwebtoken,≤ 8.5.1,9.0.0,2023-03-18T18:08:00Z,jsonwebtoken,,8.1/CVSS:3.1/AV:N/AC:L/PR:L/UI:N/S:U/C:H/I:H/A:N,CWE-327,XRAY-412375,false,npm://jsonwebtoken:8.1.0,npm://jsonwebtoken,sha256__7ded2465c61dfe2b42e59390a496788532dfd7a3d1c980d186cd36a9e2133c06.tar.gz/app/node_modules/jsonwebtoken,Not Applicable
"In Async before 2.6.4 and 3.x before 3.2.2, a malicious user can obtain privileges via the mapValues() method, aka lib/internal/iterator.js createObjectIterator prototype pollution.",CVE-2021-43138,High,Medium,security,JFrog,async,"2.0.0 ≤ Version < 2.6.4,3.0.0 ≤ Version < 3.2.2","2.6.4,3.2.2",2023-01-08T19:27:00Z,async,6.8/CVSS:2.0/AV:N/AC:M/Au:N/C:P/I:P/A:P,7.8/CVSS:3.1/AV:L/AC:L/PR:N/UI:R/S:U/C:H/I:H/A:H,CWE-1321,XRAY-203351,false,npm://async:2.1.4,npm://async,sha256__7ded2465c61dfe2b42e59390a496788532dfd7a3d1c980d186cd36a9e2133c06.tar.gz/app/node_modules/async,Not Applicable
ansi-regex is vulnerable to Inefficient Regular Expression Complexity,CVE-2021-3807,High,Medium,security,JFrog,ansi-regex,"3.0.0 ≤ Version < 3.0.1,4.0.0 ≤ Version < 4.1.1,5.0.0 ≤ Version < 5.0.1,6.0.0 ≤ Version < 6.0.1","3.0.1,4.1.1,5.0.1,6.0.1",2023-01-08T19:26:00Z,ansi-regex,7.8/CVSS:2.0/AV:N/AC:L/Au:N/C:N/I:N/A:C,7.5/CVSS:3.1/AV:N/AC:L/PR:N/UI:N/S:U/C:N/I:N/A:H,"CWE-697,CWE-1333",XRAY-185075,false,npm://ansi-regex:3.0.0,npm://ansi-regex,"sha256__8f665685b215c7daf9164545f1bbdd74d800af77d0d267db31fe0345c0c8fb8b.tar.gz/usr/local/lib/node_modules/npm/node_modules/string-width/node_modules/ansi-regex;
sha256__8f665685b215c7daf9164545f1bbdd74d800af77d0d267db31fe0345c0c8fb8b.tar.gz/usr/local/lib/node_modules/npm/node_modules/yargs/node_modules/ansi-regex",Not Applicable
Lodash versions prior to 4.17.21 are vulnerable to Command Injection via the template function.,CVE-2021-23337,High,Medium,security,JFrog,lodash,< 4.17.21,4.17.21,2023-01-08T19:30:00Z,lodash,6.5/CVSS:2.0/AV:N/AC:L/Au:S/C:P/I:P/A:P,7.2/CVSS:3.1/AV:N/AC:L/PR:H/UI:N/S:U/C:H/I:H/A:H,"CWE-77,CWE-94",XRAY-140575,false,npm://lodash:4.17.4,npm://lodash,sha256__7ded2465c61dfe2b42e59390a496788532dfd7a3d1c980d186cd36a9e2133c06.tar.gz/app/node_modules/lodash,Not Applicable
"Axios is a promise based HTTP client for the browser and Node.js. Axios versions before 0.32.0 on the 0.x line and before 1.16.0 on the 1.x line build a regular expression from the configured XSRF cookie name without escaping regex metacharacters. In standard browser environments, an attacker who can influence the cookie name passed to axios can cause expensive regex backtracking while axios reads document.cookie. The practical impact is client-side availability degradation, such as freezing the affected browser tab while axios prepares a request. The issue does not affect ordinary Node.js HTTP adapter usage, React Native, or web workers, where axios does not read document.cookie. This vulnerability is fixed in 0.32.0 and 1.16.0.",CVE-2026-44496,High,Low,security,JFrog,axios,"≤ 0.31.1,1.0.0 ≤ Version < 1.16.0","0.32.0,1.16.0",,axios,,7.5/CVSS:3.1/AV:N/AC:L/PR:N/UI:N/S:U/C:N/I:N/A:H,"CWE-1333,CWE-400",XRAY-995619,false,npm://axios:0.18.0,npm://axios,sha256__7ded2465c61dfe2b42e59390a496788532dfd7a3d1c980d186cd36a9e2133c06.tar.gz/app/node_modules/axios,Not Applicable
"Axios is a promise based HTTP client for the browser and Node.js. Prior to 1.15.1 and 0.31.1, a prototype pollution gadget exists in the Axios HTTP adapter (lib/adapters/http.js) that allows an attacker to inject arbitrary HTTP headers into outgoing requests. The vulnerability exploits duck-type checking of the data payload, where if Object.prototype is polluted with getHeaders, append, pipe, on, once, and Symbol.toStringTag, Axios misidentifies any plain object payload as a FormData instance and calls the attacker-controlled getHeaders() function, merging the returned headers into the outgoing request. The vulnerable code resides exclusively in lib/adapters/http.js. The prototype pollution source does not need to originate from Axios itself — any prototype pollution primitive in any dependency in the application's dependency tree is sufficient to trigger this gadget. This vulnerability is fixed in 1.15.1 and 0.31.1.",CVE-2026-42035,High,Low,security,JFrog,axios,"≤ 0.31.0,1.0.0 ≤ Version < 1.15.1","0.31.1,1.15.1",,axios,,7.4/CVSS:3.1/AV:N/AC:H/PR:N/UI:N/S:U/C:H/I:H/A:N,"CWE-113,CWE-1321",XRAY-975948,false,npm://axios:0.18.0,npm://axios,sha256__7ded2465c61dfe2b42e59390a496788532dfd7a3d1c980d186cd36a9e2133c06.tar.gz/app/node_modules/axios,Not Applicable
"Axios is a promise based HTTP client for the browser and Node.js. Prior to 1.15.1 and 0.31.1, when Object.prototype has been polluted by any co-dependency with keys that axios reads without a hasOwnProperty guard, an attacker can (a) silently intercept and modify every JSON response before the application sees it, or (b) fully hijack the underlying HTTP transport, gaining access to request credentials, headers, and body. The precondition is prototype pollution from a separate source in the same process. This vulnerability is fixed in 1.15.1 and 0.31.1.",CVE-2026-42033,High,Low,security,JFrog,axios,"≤ 0.31.0,1.0.0 ≤ Version < 1.15.1","0.31.1,1.15.1",,axios,,7.4/CVSS:3.1/AV:N/AC:H/PR:N/UI:N/S:U/C:H/I:H/A:N,CWE-1321,XRAY-975947,false,npm://axios:0.18.0,npm://axios,sha256__7ded2465c61dfe2b42e59390a496788532dfd7a3d1c980d186cd36a9e2133c06.tar.gz/app/node_modules/axios,Not Applicable
Async <= 2.6.4 and <= 3.2.5 are vulnerable to ReDoS (Regular Expression Denial of Service) while parsing function in autoinject function. NOTE: this is disputed by the supplier because there is no realistic threat model: regular expressions are not used with untrusted input.,CVE-2024-39249,High,Low,security,JFrog,async,≤ 3.2.5,,,async,,7.5/CVSS:3.1/AV:N/AC:L/PR:N/UI:N/S:U/C:N/I:N/A:H,CWE-1333,XRAY-609848,false,npm://async:2.1.4,npm://async,sha256__7ded2465c61dfe2b42e59390a496788532dfd7a3d1c980d186cd36a9e2133c06.tar.gz/app/node_modules/async,Not Applicable
"Versions of the package semver before 7.5.2 are vulnerable to Regular Expression Denial of Service (ReDoS) via the function new Range, when untrusted user data is provided as a range.",CVE-2022-25883,High,Low,security,JFrog,semver,"2.0.0-alpha ≤ Version < 5.7.2,6.0.0 ≤ Version < 6.3.1,7.0.0 ≤ Version < 7.5.2","5.7.2,6.3.1,7.5.2",,semver,,7.5/CVSS:3.1/AV:N/AC:L/PR:N/UI:N/S:U/C:N/I:N/A:H,CWE-1333,XRAY-522313,false,npm://semver:5.7.1,npm://semver,"sha256__7ded2465c61dfe2b42e59390a496788532dfd7a3d1c980d186cd36a9e2133c06.tar.gz/app/node_modules/simple-update-notifier/node_modules/semver;
sha256__8f665685b215c7daf9164545f1bbdd74d800af77d0d267db31fe0345c0c8fb8b.tar.gz/usr/local/lib/node_modules/npm/node_modules/semver",Not Applicable
"In versions `<=8.5.1` of `jsonwebtoken` library, lack of algorithm definition in the `jwt.verify()` function can lead to signature validation bypass due to defaulting to the `none` algorithm for signature verification. Users are affected if you do not specify algorithms in the `jwt.verify()` function. This issue has been fixed, please update to version 9.0.0 which removes the default support for the none algorithm in the `jwt.verify()` method. There will be no impact, if you update to version 9.0.0 and you don’t need to allow for the `none` algorithm. If you need 'none' algorithm, you have to explicitly specify that in `jwt.verify()` options.",CVE-2022-23540,High,Low,security,JFrog,jsonwebtoken,< 9.0.0,9.0.0,2023-03-19T09:05:00Z,jsonwebtoken,,7.6/CVSS:3.1/AV:N/AC:L/PR:L/UI:N/S:U/C:L/I:H/A:L,"CWE-287,CWE-327,CWE-347",XRAY-412392,false,npm://jsonwebtoken:8.1.0,npm://jsonwebtoken,sha256__7ded2465c61dfe2b42e59390a496788532dfd7a3d1c980d186cd36a9e2133c06.tar.gz/app/node_modules/jsonwebtoken,Not Applicable
axios is vulnerable to Inefficient Regular Expression Complexity,CVE-2021-3749,High,Low,security,JFrog,axios,< 0.21.2,0.21.2,,axios,7.8/CVSS:2.0/AV:N/AC:L/Au:N/C:N/I:N/A:C,7.5/CVSS:3.1/AV:N/AC:L/PR:N/UI:N/S:U/C:N/I:N/A:H,"CWE-400,CWE-1333",XRAY-184157,false,npm://axios:0.18.0,npm://axios,sha256__7ded2465c61dfe2b42e59390a496788532dfd7a3d1c980d186cd36a9e2133c06.tar.gz/app/node_modules/axios,Not Applicable
"Axios is a promise based HTTP client for the browser and Node.js. Prior to 0.32.0 and 1.16.0, Axios does not normalise IPv4-mapped IPv6 addresses. When NO_PROXY lists an IPv4 address such as 127.0.0.1 or 169.254.169.254, a request URL using the IPv4-mapped IPv6 form (::ffff:7f00:1, ::ffff:a9fe:a9fe) still routes through the configured proxy. Node.js resolves these addresses to the underlying IPv4 host, so the request reaches the internal service via the proxy rather than being blocked. This vulnerability is fixed in 0.32.0 and 1.16.0.",CVE-2026-44492,High,,security,JFrog,axios,"≤ 0.31.1,1.15.0 ≤ Version < 1.16.0","0.32.0,1.16.0",,axios,,8.6/CVSS:3.1/AV:N/AC:L/PR:N/UI:N/S:C/C:H/I:N/A:N,"CWE-289,CWE-918",XRAY-992703,false,npm://axios:0.18.0,npm://axios,sha256__7ded2465c61dfe2b42e59390a496788532dfd7a3d1c980d186cd36a9e2133c06.tar.gz/app/node_modules/axios,Not Applicable
"Mongoose is a MongoDB object modeling tool designed to work in an asynchronous environment. Prior to 6.13.9, 7.8.9, 8.22.1, and 9.1.6, a vulnerability allows bypassing Mongoose’s sanitizeFilter query sanitization mechanism via the $nor operator. When sanitizeFilter is enabled, Mongoose wraps query operators in $eq to neutralize them. However, prior to the fix, $nor was not included in the set of logical operators that are recursively sanitized. Because $nor accepts an array (like $and and $or), and arrays do not trigger hasDollarKeys(), malicious operators such as $ne, $gt, or $regex could be injected inside a $nor clause without being sanitized. This vulnerability is fixed in 6.13.9, 7.8.9, 8.22.1, and 9.1.6.",CVE-2026-42334,High,,security,JFrog,mongoose,"< 6.13.9,7.0.0 ≤ Version ≤ 7.8.8,8.0.0 ≤ Version ≤ 8.22.0,9.0.0 ≤ Version ≤ 9.1.5","6.13.9,7.8.9,8.22.1,9.1.6",,mongoose,,7.5/CVSS:3.1/AV:N/AC:L/PR:N/UI:N/S:U/C:H/I:N/A:N,CWE-74,XRAY-976553,false,npm://mongoose:5.0.0,npm://mongoose,sha256__7ded2465c61dfe2b42e59390a496788532dfd7a3d1c980d186cd36a9e2133c06.tar.gz/app/node_modules/mongoose,Not Applicable
"toFormData recursively walks nested objects with no depth limit, so a deeply nested value passed as request data crashes the Node.js process with a RangeError.",CVE-2026-42039,High,,security,JFrog,axios,"≤ 0.31.0,1.0.0 ≤ Version < 1.15.1","0.31.1,1.15.1",,axios,,7.5/CVSS:3.1/AV:N/AC:L/PR:N/UI:N/S:U/C:N/I:N/A:H,CWE-674,XRAY-972273,false,npm://axios:0.18.0,npm://axios,sha256__7ded2465c61dfe2b42e59390a496788532dfd7a3d1c980d186cd36a9e2133c06.tar.gz/app/node_modules/axios,Not Applicable
"An issue was discovered in musl libc 0.7.10 through 1.2.6. Stack-based memory corruption can occur during qsort of very large arrays, due to incorrectly implemented double-word primitives. The number of elements must exceed about seven million, i.e., the 32nd Leonardo number on 32-bit platforms (or the 64th Leonardo number on 64-bit platforms, which is not practical).",CVE-2026-40200,High,,security,JFrog,alpine:musl-utils,< 1.2.6-r2,1.2.6-r2,,3.17:musl-utils,,8.1/CVSS:3.1/AV:L/AC:H/PR:N/UI:N/S:C/C:H/I:H/A:H,CWE-670,XRAY-963467,false,alpine://3.17:musl-utils:1.2.3-r4,alpine://3.17:musl-utils,"sha256__f56be85fc22e46face30e2c3de3f7fe7c15f8fd7c4e5add29d7f64b87abdaa09.tar.gz/3.17:musl-utils:1.2.3-r4;
sha256__f56be85fc22e46face30e2c3de3f7fe7c15f8fd7c4e5add29d7f64b87abdaa09.tar.gz/3.17:musl:1.2.3-r4",Not Applicable
"Issue summary: Applications using RSASVE key encapsulation to establish
a secret encryption key can send contents of an uninitialized memory buffer to
a malicious peer.

Impact summary: The uninitialized buffer might contain sensitive data from the
previous execution of the application process which leads to sensitive data
leakage to an attacker.

RSA_public_encrypt() returns the number of bytes written on success and -1
on error. The affected code tests only whether the return value is non-zero.
As a result, if RSA encryption fails, encapsulation can still return success to
the caller, set the output lengths, and leave the caller to use the contents of
the ciphertext buffer as if a valid KEM ciphertext had been produced.

If applications use EVP_PKEY_encapsulate() with RSA/RSASVE on an
attacker-supplied invalid RSA public key without first validating that key,
then this may cause stale or uninitialized contents of the caller-provided
ciphertext buffer to be disclosed to the attacker in place of the KEM
ciphertext.

As a workaround calling EVP_PKEY_public_check() or
EVP_PKEY_public_check_quick() before EVP_PKEY_encapsulate() will mitigate
the issue.

The FIPS modules in 3.6, 3.5, 3.4, 3.3, 3.1 and 3.0 are affected by this issue.",CVE-2026-31790,High,,security,JFrog,alpine:libcrypto3,< 3.5.6-r0,3.5.6-r0,,3.17:libcrypto3,,7.5/CVSS:3.1/AV:N/AC:L/PR:N/UI:N/S:U/C:H/I:N/A:N,CWE-754,XRAY-962284,false,alpine://3.17:libssl3:3.0.8-r3,alpine://3.17:libcrypto3,"sha256__f56be85fc22e46face30e2c3de3f7fe7c15f8fd7c4e5add29d7f64b87abdaa09.tar.gz/3.17:libssl3:3.0.8-r3;
sha256__f56be85fc22e46face30e2c3de3f7fe7c15f8fd7c4e5add29d7f64b87abdaa09.tar.gz/3.17:libcrypto3:3.0.8-r3",Not Applicable
"Impact:

A bad regular expression is generated any time you have three or more parameters within a single segment, separated by something that is not a period (.). For example, /:a-:b-:c or /:a-:b-:c-:d. The backtrack protection added in path-to-regexp@0.1.12 only prevents ambiguity for two parameters. With three or more, the generated lookahead does not block single separator characters, so capture groups overlap and cause catastrophic backtracking.

Patches:

Upgrade to path-to-regexp@0.1.13

Custom regex patterns in route definitions (e.g., /:a-:b([^-/]+)-:c([^-/]+)) are not affected because they override the default capture group.

Workarounds:

All versions can be patched by providing a custom regular expression for parameters after the first in a single segment. As long as the custom regular expression does not match the text before the parameter, you will be safe. For example, change /:a-:b-:c to /:a-:b([^-/]+)-:c([^-/]+).

If paths cannot be rewritten and versions cannot be upgraded, another alternative is to limit the URL length.",CVE-2026-4867,High,,security,JFrog,path-to-regexp,< 0.1.13,0.1.13,,path-to-regexp,,7.5/CVSS:3.1/AV:N/AC:L/PR:N/UI:N/S:U/C:N/I:N/A:H,CWE-1333,XRAY-957923,false,npm://path-to-regexp:0.1.7,npm://path-to-regexp,sha256__7ded2465c61dfe2b42e59390a496788532dfd7a3d1c980d186cd36a9e2133c06.tar.gz/app/node_modules/path-to-regexp,Not Applicable
"The brace-expansion library generates arbitrary strings containing a common prefix and suffix. Prior to versions 5.0.5, 3.0.2, 2.0.3, and 1.1.13, a brace pattern with a zero step value (e.g., `{1..2..0}`) causes the sequence generation loop to run indefinitely, making the process hang for seconds and allocate heaps of memory. Versions 5.0.5, 3.0.2, 2.0.3, and 1.1.13 fix the issue. As a workaround, sanitize strings passed to `expand()` to ensure a step value of `0` is not used.",CVE-2026-33750,High,,security,JFrog,brace-expansion,"< 1.1.13,2.0.0 ≤ Version < 2.0.3,3.0.0 ≤ Version < 3.0.2,4.0.0 ≤ Version < 5.0.5","1.1.13,2.0.3,3.0.2,5.0.5",,brace-expansion,,7.5/CVSS:3.1/AV:N/AC:L/PR:N/UI:N/S:U/C:N/I:N/A:H,CWE-400,XRAY-957503,false,npm://brace-expansion:1.1.11,npm://brace-expansion,sha256__8f665685b215c7daf9164545f1bbdd74d800af77d0d267db31fe0345c0c8fb8b.tar.gz/usr/local/lib/node_modules/npm/node_modules/brace-expansion,Not Applicable
A prototype pollution vulnerability was found in module mpath <0.5.1 that allows an attacker to inject arbitrary properties onto Object.prototype.,CVE-2018-16490,High,,security,JFrog,mpath,< 0.5.1,0.5.1,,mpath,5.0/CVSS:2.0/AV:N/AC:L/Au:N/C:N/I:P/A:N,7.5/CVSS:3.0/AV:N/AC:L/PR:N/UI:N/S:U/C:N/I:H/A:N,"CWE-74,CWE-400,CWE-1321",XRAY-75299,false,npm://mpath:0.3.0,npm://mpath,sha256__7ded2465c61dfe2b42e59390a496788532dfd7a3d1c980d186cd36a9e2133c06.tar.gz/app/node_modules/mpath,Not Applicable
Prototype Pollution Vulnerability in mpath Package.,CVE-2018-16490,High,,security,JFrog,mpath,< 0.5.1,0.5.1,,mpath,5.0/CVSS:2.0/AV:N/AC:L/Au:N/C:N/I:P/A:N,7.5/CVSS:3.0/AV:N/AC:L/PR:N/UI:N/S:U/C:N/I:H/A:N,CWE-74,XRAY-75066,false,npm://mpath:0.3.0,npm://mpath,sha256__7ded2465c61dfe2b42e59390a496788532dfd7a3d1c980d186cd36a9e2133c06.tar.gz/app/node_modules/mpath,Not Applicable
"path-to-regexp turns path strings into a regular expressions. In certain cases, path-to-regexp will output a regular expression that can be exploited to cause poor performance. The regular expression that is vulnerable to backtracking can be generated in the 0.1.x release of path-to-regexp. Upgrade to 0.1.12. This vulnerability exists because of an incomplete fix for CVE-2024-45296.",CVE-2024-52798,High,,security,JFrog,path-to-regexp,< 0.1.12,0.1.12,,path-to-regexp,,7.5/CVSS:3.1/AV:N/AC:L/PR:N/UI:N/S:U/C:N/I:N/A:H,CWE-1333,XRAY-656597,false,npm://path-to-regexp:0.1.7,npm://path-to-regexp,sha256__7ded2465c61dfe2b42e59390a496788532dfd7a3d1c980d186cd36a9e2133c06.tar.gz/app/node_modules/path-to-regexp,Not Applicable
"Versions of the package cross-spawn before 6.0.6, from 7.0.0 and before 7.0.5 are vulnerable to Regular Expression Denial of Service (ReDoS) due to improper input sanitization. An attacker can increase the CPU usage and crash the program by crafting a very large and well crafted string.",CVE-2024-21538,High,,security,JFrog,cross-spawn,"< 6.0.6,7.0.0 ≤ Version < 7.0.5","6.0.6,7.0.5",,cross-spawn,,7.5/CVSS:3.1/AV:N/AC:L/PR:N/UI:N/S:U/C:N/I:N/A:H,CWE-1333,XRAY-652786,false,npm://cross-spawn:5.1.0,npm://cross-spawn,sha256__8f665685b215c7daf9164545f1bbdd74d800af77d0d267db31fe0345c0c8fb8b.tar.gz/usr/local/lib/node_modules/npm/node_modules/cross-spawn,Not Applicable
"npm pack ignores root-level .gitignore and .npmignore file exclusion directives when run in a workspace or with a workspace flag (ie. `--workspaces`, `--workspace=<name>`). Anyone who has run `npm pack` or `npm publish` inside a workspace, as of v7.9.0 and v7.13.0 respectively, may be affected and have published files into the npm registry they did not intend to include. Users should upgrade to the latest, patched version of npm v8.11.0, run: npm i -g npm@latest . Node.js versions v16.15.1, v17.19.1, and v18.3.0 include the patched v8.11.0 version of npm.",CVE-2022-29244,High,,security,JFrog,node:node,,,,,5.0/CVSS:2.0/AV:N/AC:L/Au:N/C:P/I:N/A:N,7.5/CVSS:3.1/AV:N/AC:L/PR:N/UI:N/S:U/C:H/I:N/A:N,"NVD-CWE-noinfo,CWE-200",XRAY-228805,false,cpp://node:node:14.21.3,cpp://node:node,sha256__8f665685b215c7daf9164545f1bbdd74d800af77d0d267db31fe0345c0c8fb8b.tar.gz/usr/local/bin/node,Not Applicable
"The brace-expansion library generates arbitrary strings containing a common prefix and suffix. Prior to 1.1.18, 2.1.4, 3.0.6, and 5.0.9, expand() does not apply maxLength while constructing comma-alternative intermediate arrays or padded sequences, allowing attacker-controlled input to exhaust memory or block the event loop. The fix for CVE-2026-14257 is bypassed by the vulnerability. This issue is fixed in versions 1.1.18, 2.1.4, 3.0.6, and 5.0.9.",CVE-2026-69152,High,,security,JFrog,brace-expansion,"< 1.1.18,2.0.0 ≤ Version < 2.1.4,3.0.0 ≤ Version < 3.0.6,4.0.0 ≤ Version < 5.0.9","1.1.18,2.1.4,3.0.6,5.0.9",,brace-expansion,,7.5/CVSS:3.1/AV:N/AC:L/PR:N/UI:N/S:U/C:N/I:N/A:H,"CWE-400,CWE-770",XRAY-1039160,false,npm://brace-expansion:1.1.11,npm://brace-expansion,sha256__8f665685b215c7daf9164545f1bbdd74d800af77d0d267db31fe0345c0c8fb8b.tar.gz/usr/local/lib/node_modules/npm/node_modules/brace-expansion,Not Applicable
"node-tar is a tar archive manipulation library for Node.js. Prior to 7.5.18, tar.replace accepts a checksum-valid tar header with a negative base-256 encoded entry size, causing the archive scanner to make no progress while repeatedly parsing the same header. This issue is fixed in version 7.5.18.",CVE-2026-59874,High,,security,JFrog,tar,≤ 7.5.17,7.5.18,,tar,,7.5/CVSS:3.1/AV:N/AC:L/PR:N/UI:N/S:U/C:N/I:N/A:H,CWE-835,XRAY-1025966,false,npm://tar:4.4.19,npm://tar,sha256__8f665685b215c7daf9164545f1bbdd74d800af77d0d267db31fe0345c0c8fb8b.tar.gz/usr/local/lib/node_modules/npm/node_modules/tar,Not Applicable
"node-tar is a tar archive manipulation library for Node.js. Prior to 7.5.19, node-tar does not enforce hard upper bounds on total decompressed data, entry counts, or decompression ratio in extraction and parsing paths such as src/extract.ts, allowing a small crafted gzip bomb to exhaust disk space and CPU. This issue is fixed in version 7.5.19.",CVE-2026-59873,High,,security,JFrog,tar,≤ 7.5.18,7.5.19,,tar,,7.5/CVSS:3.1/AV:N/AC:L/PR:N/UI:N/S:U/C:N/I:N/A:H,CWE-770,XRAY-1025965,false,npm://tar:4.4.19,npm://tar,sha256__8f665685b215c7daf9164545f1bbdd74d800af77d0d267db31fe0345c0c8fb8b.tar.gz/usr/local/lib/node_modules/npm/node_modules/tar,Not Applicable
"node-tar is a tar archive manipulation library for Node.js. Prior to 7.5.18, node-tar coerces all-digit PAX path and linkpath values in src/pax.ts to JavaScript numbers, causing downstream path handling such as normalizeWindowsPath(entry.path).split('/') to throw an uncaught TypeError. This issue is fixed in version 7.5.18.",CVE-2026-59871,High,,security,JFrog,tar,≤ 7.5.17,7.5.18,,tar,,7.5/CVSS:3.1/AV:N/AC:L/PR:N/UI:N/S:U/C:N/I:N/A:H,CWE-704,XRAY-1025964,false,npm://tar:4.4.19,npm://tar,sha256__8f665685b215c7daf9164545f1bbdd74d800af77d0d267db31fe0345c0c8fb8b.tar.gz/usr/local/lib/node_modules/npm/node_modules/tar,Not Applicable
"brace-expansion through 5.0.6 is vulnerable to denial of service. The expand() function exhibits exponential-time complexity in the number of consecutive non-expanding '{}' brace groups. An attacker who passes a crafted string to expand(), directly or transitively, can cause significant CPU consumption and event-loop blocking. The max option does not mitigate this, as it bounds the output size rather than the recursion work.",CVE-2026-13149,High,,security,JFrog,brace-expansion,"≤ 1.1.15,2.0.0 ≤ Version ≤ 2.1.1,3.0.0 ≤ Version ≤ 3.0.2,4.0.0 ≤ Version < 5.0.7",5.0.7,,brace-expansion,,5.3/CVSS:3.1/AV:N/AC:L/PR:N/UI:N/S:U/C:N/I:N/A:L,"CWE-400,CWE-407",XRAY-1016598,false,npm://brace-expansion:1.1.11,npm://brace-expansion,sha256__8f665685b215c7daf9164545f1bbdd74d800af77d0d267db31fe0345c0c8fb8b.tar.gz/usr/local/lib/node_modules/npm/node_modules/brace-expansion,Not Applicable
"form-data is a library for creating readable multipart/form-data streams. In versions through 4.0.5, the `field` argument to `FormData#append` and the `filename` option are concatenated verbatim into the `Content-Disposition` header without escaping carriage return (CR), line feed (LF), or double-quote ("") characters. An application that passes attacker-controlled data as a field name or filename (for example, an API gateway that turns JSON object keys into multipart field names) allows the attacker to terminate the header line and inject additional headers, or to smuggle entire additional multipart parts, into the request the application forwards to a backend. This can let the attacker add or override form fields (e.g. set `is_admin=true`) seen by the downstream parser. This is an instance of CWE-93 (CRLF injection). The fix escapes CR, LF, and `""` as `%0D`, `%0A`, and `%22` in field names and filenames, matching the serialization browsers use per the WHATWG HTML multipart/form-data encoding algorithm. Exploitation requires the consuming application to use untrusted input as a field name or filename; applications that use only fixed/trusted field names are not affected. Fixed in 2.5.6, 3.0.5, and 4.0.6.",CVE-2026-12143,High,,security,JFrog,form-data,"< 2.5.6,3.0.0 ≤ Version < 3.0.5,4.0.0 ≤ Version < 4.0.6","2.5.6,3.0.5,4.0.6",,form-data,,7.5/CVSS:3.1/AV:N/AC:L/PR:N/UI:N/S:U/C:N/I:H/A:N,CWE-93,XRAY-1003722,false,npm://form-data:2.3.3,npm://form-data,sha256__8f665685b215c7daf9164545f1bbdd74d800af77d0d267db31fe0345c0c8fb8b.tar.gz/usr/local/lib/node_modules/npm/node_modules/form-data,Not Applicable
"Issue summary: Receiving a QUIC initial packet with an invalid token may
trigger a NULL pointer dereference in the OpenSSL QUIC server with
address validation disabled.

Impact summary: NULL pointer dereference typically causes abnormal termination
of the affected QUIC server process and a Denial of Service.

If the address validation is disabled in the OpenSSL QUIC server
implementation, an attacker can crash the server by sending an initial
packet with an invalid or expired token.

By default, the client address validation is enabled in the OpenSSL QUIC server
implementation, which makes the default configuration not vulnerable
to this issue. However if the SSL_LISTENER_FLAG_NO_VALIDATE is used with
the SSL_new_listener() call, the address validation is disabled making the
vulnerable code reachable.

The FIPS modules in 4.0, 3.6, 3.5, 3.4, and 3.0 are not affected by this
issue, as the affected code is outside the OpenSSL FIPS module boundary.",CVE-2026-42764,High,,security,JFrog,alpine:libcrypto3,< 3.5.7-r0,3.5.7-r0,,3.17:libcrypto3,,7.5/CVSS:3.1/AV:N/AC:L/PR:N/UI:N/S:U/C:N/I:N/A:H,CWE-476,XRAY-1000458,false,alpine://3.17:libssl3:3.0.8-r3,alpine://3.17:libcrypto3,"sha256__f56be85fc22e46face30e2c3de3f7fe7c15f8fd7c4e5add29d7f64b87abdaa09.tar.gz/3.17:libssl3:3.0.8-r3;
sha256__f56be85fc22e46face30e2c3de3f7fe7c15f8fd7c4e5add29d7f64b87abdaa09.tar.gz/3.17:libcrypto3:3.0.8-r3",Not Applicable
"Issue summary: Remote peer may exhaust heap memory of the QUIC
server or client by flooding it with packets containing PATH_CHALLENGE
frames.

Impact summary: A malicious remote peer can cause an unbounded
memory allocation which can lead to an abnormal termination of the
application acting as a QUIC client or server and a Denial of Service.

A remote peer may exhaust heap memory by flooding the local
QUIC stack with PATH_CHALLENGE frames. The local QUIC stack
allocates a PATH_RESPONSE frame for every PATH_CHALLENGE it receives.
The allocated PATH_RESPONSE frame gets freed only when the remote
peer acknowledges reception of the PATH_RESPONSE frame which will
not be done by a malicious peer.

The FIPS modules in 4.0, 3.6, 3.5, 3.4, and 3.0 are not affected by
this issue. The QUIC stack is outside of OpenSSL FIPS module
boundary.",CVE-2026-34183,High,,security,JFrog,alpine:libcrypto3,< 3.5.7-r0,3.5.7-r0,,3.17:libcrypto3,,7.5/CVSS:3.1/AV:N/AC:L/PR:N/UI:N/S:U/C:N/I:N/A:H,CWE-1325,XRAY-1000457,false,alpine://3.17:libssl3:3.0.8-r3,alpine://3.17:libcrypto3,"sha256__f56be85fc22e46face30e2c3de3f7fe7c15f8fd7c4e5add29d7f64b87abdaa09.tar.gz/3.17:libcrypto3:3.0.8-r3;
sha256__f56be85fc22e46face30e2c3de3f7fe7c15f8fd7c4e5add29d7f64b87abdaa09.tar.gz/3.17:libssl3:3.0.8-r3",Not Applicable
"node-tar is a Tar for Node.js. The node-tar library (<= 7.5.2) fails to sanitize the linkpath of Link (hardlink) and SymbolicLink entries when preservePaths is false (the default secure behavior). This allows malicious archives to bypass the extraction root restriction, leading to Arbitrary File Overwrite via hardlinks and Symlink Poisoning via absolute symlink targets. This vulnerability is fixed in 7.5.3.",CVE-2026-23745,Medium,High,security,JFrog,tar,≤ 7.5.2,7.5.3,,tar,,6.1/CVSS:3.1/AV:L/AC:L/PR:N/UI:R/S:U/C:H/I:L/A:N,CWE-22,XRAY-933524,false,npm://tar:4.4.19,npm://tar,sha256__8f665685b215c7daf9164545f1bbdd74d800af77d0d267db31fe0345c0c8fb8b.tar.gz/usr/local/lib/node_modules/npm/node_modules/tar,Not Applicable
"axios is a promise based HTTP client for the browser and node.js. The issue occurs when passing absolute URLs rather than protocol-relative URLs to axios. Even if ⁠baseURL is set, axios sends the request to the specified absolute URL, potentially causing SSRF and credential leakage. This issue impacts both server-side and client-side usage of axios. This issue is fixed in 1.8.2.",CVE-2025-27152,Medium,High,security,JFrog,axios,"< 0.30.0,1.0.0 ≤ Version < 1.8.2","0.30.0,1.8.2",,axios,,5.3/CVSS:3.1/AV:N/AC:L/PR:N/UI:N/S:U/C:L/I:N/A:N,CWE-918,XRAY-676442,false,npm://axios:0.18.0,npm://axios,sha256__7ded2465c61dfe2b42e59390a496788532dfd7a3d1c980d186cd36a9e2133c06.tar.gz/app/node_modules/axios,Not Applicable
Axios is a promise based HTTP client for the browser and Node.js. Versions prior to 1.15.0 and 0.3.1 are vulnerable to a specific gadget-style attack chain in which prototype pollution in a third-party dependency may be leveraged to inject unsanitized header values into outbound requests. This vulnerability is fixed in 1.15.0 and 0.3.1.,CVE-2026-40175,Medium,Medium,security,JFrog,axios,"< 0.31.0,1.0.0 ≤ Version < 1.15.0","0.31.0,1.15.0",,axios,,4.8/CVSS:3.1/AV:N/AC:H/PR:N/UI:N/S:U/C:L/I:L/A:N,"CWE-918,CWE-113,CWE-444",XRAY-963560,false,npm://axios:0.18.0,npm://axios,sha256__7ded2465c61dfe2b42e59390a496788532dfd7a3d1c980d186cd36a9e2133c06.tar.gz/app/node_modules/axios,Not Applicable
"node-tar,a Tar for Node.js, has a race condition vulnerability in versions up to and including 7.5.3. This is due to an incomplete handling of Unicode path collisions in the `path-reservations` system. On case-insensitive or normalization-insensitive filesystems (such as macOS APFS, In which it has been tested), the library fails to lock colliding paths (e.g., `ß` and `ss`), allowing them to be processed in parallel. This bypasses the library's internal concurrency safeguards and permits Symlink Poisoning attacks via race conditions. The library uses a `PathReservations` system to ensure that metadata checks and file operations for the same path are serialized. This prevents race conditions where one entry might clobber another concurrently. This is a Race Condition which enables Arbitrary File Overwrite. This vulnerability affects users and systems using node-tar on macOS (APFS/HFS+). Because of using `NFD` Unicode normalization (in which `ß` and `ss` are different), conflicting paths do not have their order properly preserved under filesystems that ignore Unicode normalization (e.g., APFS (in which `ß` causes an inode collision with `ss`)). This enables an attacker to circumvent internal parallelization locks (`PathReservations`) using conflicting filenames within a malicious tar archive. The patch in version 7.5.4 updates `path-reservations.js` to use a normalization form that matches the target filesystem's behavior (e.g., `NFKD`), followed by first `toLocaleLowerCase('en')` and then `toLocaleUpperCase('en')`. As a workaround, users who cannot upgrade promptly, and who are programmatically using `node-tar` to extract arbitrary tarball data should filter out all `SymbolicLink` entries (as npm does) to defend against arbitrary file writes via this file system entry name collision issue.",CVE-2026-23950,Medium,Medium,security,JFrog,tar,≤ 7.5.3,7.5.4,,tar,,5.9/CVSS:3.1/AV:N/AC:H/PR:N/UI:N/S:U/C:N/I:H/A:N,"CWE-352,CWE-176,CWE-367",XRAY-934591,false,npm://tar:4.4.19,npm://tar,sha256__8f665685b215c7daf9164545f1bbdd74d800af77d0d267db31fe0345c0c8fb8b.tar.gz/usr/local/lib/node_modules/npm/node_modules/tar,Not Applicable
"node-tar is a full-featured Tar for Node.js. Prior to version 7.5.11, tar (npm) can be tricked into creating a symlink that points outside the extraction directory by using a drive-relative symlink target such as C:../../../target.txt, which enables file overwrite outside cwd during normal tar.x() extraction. This vulnerability is fixed in 7.5.11.",CVE-2026-31802,Medium,,security,JFrog,tar,≤ 7.5.10,7.5.11,,tar,,5.5/CVSS:3.1/AV:L/AC:L/PR:L/UI:N/S:U/C:N/I:H/A:N,CWE-22,XRAY-950567,false,npm://tar:4.4.19,npm://tar,sha256__8f665685b215c7daf9164545f1bbdd74d800af77d0d267db31fe0345c0c8fb8b.tar.gz/usr/local/lib/node_modules/npm/node_modules/tar,Not Applicable
"node-tar is a full-featured Tar for Node.js. Prior to version 7.5.10, tar can be tricked into creating a hardlink that points outside the extraction directory by using a drive-relative link target such as C:../target.txt, which enables file overwrite outside cwd during normal tar.x() extraction. This issue has been patched in version 7.5.10.",CVE-2026-29786,Medium,,security,JFrog,tar,≤ 7.5.9,7.5.10,,tar,,6.3/CVSS:3.1/AV:L/AC:L/PR:N/UI:R/S:C/C:N/I:H/A:N,"CWE-59,CWE-22",XRAY-949059,false,npm://tar:4.4.19,npm://tar,sha256__8f665685b215c7daf9164545f1bbdd74d800af77d0d267db31fe0345c0c8fb8b.tar.gz/usr/local/lib/node_modules/npm/node_modules/tar,Not Applicable
"ajv (Another JSON Schema Validator) before 8.18.0 is vulnerable to Regular Expression Denial of Service (ReDoS) when the $data option is enabled. The pattern keyword accepts runtime data via JSON Pointer syntax ($data reference), which is passed directly to the JavaScript RegExp() constructor without validation. An attacker can inject a malicious regex pattern (e.g., ""^(a|a)*$"") combined with crafted input to cause catastrophic backtracking. A 31-character payload causes approximately 44 seconds of CPU blocking, with each additional character doubling execution time. This enables complete denial of service with a single HTTP request against any API using ajv with $data: true for dynamic schema validation. This issue is also fixed in version 6.14.0.",CVE-2025-69873,Medium,,security,JFrog,ajv,"< 6.14.0,7.0.0-alpha.0 ≤ Version < 8.18.0","6.14.0,8.18.0",,ajv,,7.5/CVSS:3.1/AV:N/AC:L/PR:N/UI:N/S:U/C:N/I:N/A:H,"CWE-400,CWE-1333",XRAY-943934,false,npm://ajv:6.12.6,npm://ajv,sha256__8f665685b215c7daf9164545f1bbdd74d800af77d0d267db31fe0345c0c8fb8b.tar.gz/usr/local/lib/node_modules/npm/node_modules/har-validator/node_modules/ajv,Not Applicable
"Issue summary: Use of -addreject option with the openssl x509 application adds
a trusted use instead of a rejected use for a certificate.

Impact summary: If a user intends to make a trusted certificate rejected for
a particular use it will be instead marked as trusted for that use.

A copy & paste error during minor refactoring of the code introduced this
issue in the OpenSSL 3.5 version. If, for example, a trusted CA certificate
should be trusted only for the purpose of authenticating TLS servers but not
for CMS signature verification and the CMS signature verification is intended
to be marked as rejected with the -addreject option, the resulting CA
certificate will be trusted for CMS signature verification purpose instead.

Only users which use the trusted certificate format who use the openssl x509
command line application to add rejected uses are affected by this issue.
The issues affecting only the command line application are considered to
be Low severity.

The FIPS modules in 3.5, 3.4, 3.3, 3.2, 3.1 and 3.0 are not affected by this
issue.

OpenSSL 3.4, 3.3, 3.2, 3.1, 3.0, 1.1.1 and 1.0.2 are also not affected by this
issue.",CVE-2025-4575,Medium,,security,JFrog,alpine:libcrypto3,< 3.5.1-r0,3.5.1-r0,,3.17:libcrypto3,,6.5/CVSS:3.1/AV:N/AC:L/PR:N/UI:N/S:U/C:N/I:L/A:L,CWE-295,XRAY-707554,false,alpine://3.17:libssl3:3.0.8-r3,alpine://3.17:libcrypto3,"sha256__f56be85fc22e46face30e2c3de3f7fe7c15f8fd7c4e5add29d7f64b87abdaa09.tar.gz/3.17:libcrypto3:3.0.8-r3;
sha256__f56be85fc22e46face30e2c3de3f7fe7c15f8fd7c4e5add29d7f64b87abdaa09.tar.gz/3.17:libssl3:3.0.8-r3",Not Applicable
node-tar is a Tar for Node.js. node-tar prior to version 6.2.1 has no limit on the number of sub-folders created in the folder creation process. An attacker who generates a large number of sub-folders can consume memory on the system running node-tar and even crash the Node.js client within few seconds of running it using a path with too many sub-folders inside. Version 6.2.1 fixes this issue by preventing extraction in excessively deep sub-folders.,CVE-2024-28863,Medium,,security,JFrog,tar,≤ 7.5.20,7.5.21,,tar,,6.5/CVSS:3.1/AV:N/AC:L/PR:N/UI:R/S:U/C:N/I:N/A:H,"CWE-674,CWE-770,CWE-400",XRAY-594771,false,npm://tar:4.4.19,npm://tar,sha256__8f665685b215c7daf9164545f1bbdd74d800af77d0d267db31fe0345c0c8fb8b.tar.gz/usr/local/lib/node_modules/npm/node_modules/tar,Not Applicable
A use-after-free vulnerability was discovered in xasprintf function in xfuncs_printf.c:344 in BusyBox v.1.36.1.,CVE-2023-42363,Medium,,security,JFrog,alpine:busybox-binsh,< 1.35.0-r31,1.35.0-r31,,3.17:busybox-binsh,,5.5/CVSS:3.1/AV:L/AC:L/PR:N/UI:R/S:U/C:N/I:N/A:H,CWE-416,XRAY-539897,false,alpine://3.17:ssl_client:1.35.0-r29,alpine://3.17:busybox-binsh,"sha256__f56be85fc22e46face30e2c3de3f7fe7c15f8fd7c4e5add29d7f64b87abdaa09.tar.gz/3.17:busybox:1.35.0-r29;
sha256__f56be85fc22e46face30e2c3de3f7fe7c15f8fd7c4e5add29d7f64b87abdaa09.tar.gz/3.17:ssl_client:1.35.0-r29;
sha256__f56be85fc22e46face30e2c3de3f7fe7c15f8fd7c4e5add29d7f64b87abdaa09.tar.gz/3.17:busybox-binsh:1.35.0-r29",Not Applicable
"Improper Input Validation vulnerability in qs (parse modules) allows HTTP DoS.This issue affects qs: < 6.14.1.


Summary

The arrayLimit option in qs did not enforce limits for bracket notation (a[]=1&a[]=2), only for indexed notation (a[0]=1). This is a consistency bug; arrayLimit should apply uniformly across all array notations.

Note: The default parameterLimit of 1000 effectively mitigates the DoS scenario originally described. With default options, bracket notation cannot produce arrays larger than parameterLimit regardless of arrayLimit, because each a[]=valueconsumes one parameter slot. The severity has been reduced accordingly.

Details

The arrayLimit option only checked limits for indexed notation (a[0]=1&a[1]=2) but did not enforce it for bracket notation (a[]=1&a[]=2).

Vulnerable code (lib/parse.js:159-162):

if (root === '[]' && options.parseArrays) {
    obj = utils.combine([], leaf);  // No arrayLimit check
}





Working code (lib/parse.js:175):

else if (index <= options.arrayLimit) {  // Limit checked here
    obj = [];
    obj[index] = leaf;
}





The bracket notation handler at line 159 uses utils.combine([], leaf) without validating against options.arrayLimit, while indexed notation at line 175 checks index <= options.arrayLimit before creating arrays.



PoC

const qs = require('qs');
const result = qs.parse('a[]=1&a[]=2&a[]=3&a[]=4&a[]=5&a[]=6', { arrayLimit: 5 });
console.log(result.a.length);  // Output: 6 (should be max 5)





Note on parameterLimit interaction: The original advisory's ""DoS demonstration"" claimed a length of 10,000, but parameterLimit (default: 1000) caps parsing to 1,000 parameters. With default options, the actual output is 1,000, not 10,000.

Impact

Consistency bug in arrayLimit enforcement. With default parameterLimit, the practical DoS risk is negligible since parameterLimit already caps the total number of parsed parameters (and thus array elements from bracket notation). The risk increases only when parameterLimit is explicitly set to a very high value.",CVE-2025-15284,Low,High,security,JFrog,qs,< 6.14.1,6.14.1,,qs,,3.7/CVSS:3.1/AV:N/AC:H/PR:N/UI:N/S:U/C:N/I:N/A:L,CWE-20,XRAY-908096,false,npm://qs:6.5.3,npm://qs,"sha256__7ded2465c61dfe2b42e59390a496788532dfd7a3d1c980d186cd36a9e2133c06.tar.gz/app/node_modules/qs;
sha256__8f665685b215c7daf9164545f1bbdd74d800af77d0d267db31fe0345c0c8fb8b.tar.gz/usr/local/lib/node_modules/npm/node_modules/qs",Not Applicable
"In netstat in BusyBox through 1.37.0, local users can launch of network application with an argv[0] containing an ANSI terminal escape sequence, leading to a denial of service (terminal locked up) when netstat is used by a victim.",CVE-2024-58251,Low,,security,JFrog,alpine:busybox-binsh,< 1.37.0-r24,1.37.0-r24,,3.17:busybox-binsh,,2.5/CVSS:3.1/AV:L/AC:H/PR:N/UI:R/S:U/C:N/I:N/A:L,CWE-150,XRAY-727047,false,alpine://3.17:ssl_client:1.35.0-r29,alpine://3.17:busybox-binsh,"sha256__f56be85fc22e46face30e2c3de3f7fe7c15f8fd7c4e5add29d7f64b87abdaa09.tar.gz/3.17:busybox-binsh:1.35.0-r29;
sha256__f56be85fc22e46face30e2c3de3f7fe7c15f8fd7c4e5add29d7f64b87abdaa09.tar.gz/3.17:busybox:1.35.0-r29;
sha256__f56be85fc22e46face30e2c3de3f7fe7c15f8fd7c4e5add29d7f64b87abdaa09.tar.gz/3.17:ssl_client:1.35.0-r29",Not Applicable
"There is a stack overflow vulnerability in ash.c:6030 in busybox before 1.35. In the environment of Internet of Vehicles, this vulnerability can be executed from command to arbitrary code execution.",CVE-2022-48174,Critical,Low,security,JFrog,alpine:busybox-binsh,< 1.36.1-r2,1.36.1-r2,,3.17:busybox-binsh,,9.8/CVSS:3.1/AV:N/AC:L/PR:N/UI:N/S:U/C:H/I:H/A:H,CWE-787,XRAY-529062,false,alpine://3.17:ssl_client:1.35.0-r29,alpine://3.17:busybox-binsh,"sha256__f56be85fc22e46face30e2c3de3f7fe7c15f8fd7c4e5add29d7f64b87abdaa09.tar.gz/3.17:busybox:1.35.0-r29;
sha256__f56be85fc22e46face30e2c3de3f7fe7c15f8fd7c4e5add29d7f64b87abdaa09.tar.gz/3.17:ssl_client:1.35.0-r29;
sha256__f56be85fc22e46face30e2c3de3f7fe7c15f8fd7c4e5add29d7f64b87abdaa09.tar.gz/3.17:busybox-binsh:1.35.0-r29",Undetermined
"Mongoose before 8.9.5 can improperly use a nested $where filter with a populate() match, leading to search injection. NOTE: this issue exists because of an incomplete fix for CVE-2024-53900.",CVE-2025-23061,Critical,,security,JFrog,mongoose,"< 6.13.6,7.0.0-rc0 ≤ Version < 7.8.4,8.0.0-rc0 ≤ Version < 8.9.5","6.13.6,7.8.4,8.9.5",,mongoose,,9.8/CVSS:3.1/AV:N/AC:L/PR:N/UI:N/S:U/C:H/I:H/A:H,CWE-94,XRAY-666870,false,npm://mongoose:5.0.0,npm://mongoose,sha256__7ded2465c61dfe2b42e59390a496788532dfd7a3d1c980d186cd36a9e2133c06.tar.gz/app/node_modules/mongoose,Not Covered
"Mongoose before 8.8.3 can improperly use $where in match, leading to search injection.",CVE-2024-53900,Critical,,security,JFrog,mongoose,"3.6.0-rc0 ≤ Version < 5.13.23,6.0.0-rc0 ≤ Version < 6.13.5,7.0.0-rc0 ≤ Version < 7.8.3,8.0.0-rc0 ≤ Version < 8.8.3","5.13.23,6.13.5,7.8.3,8.8.3",,mongoose,,9.8/CVSS:3.1/AV:N/AC:L/PR:N/UI:N/S:U/C:H/I:H/A:H,CWE-89,XRAY-656269,false,npm://mongoose:5.0.0,npm://mongoose,sha256__7ded2465c61dfe2b42e59390a496788532dfd7a3d1c980d186cd36a9e2133c06.tar.gz/app/node_modules/mongoose,Not Covered
"Issue summary: An application trying to decrypt CMS messages encrypted using
password based encryption can trigger an out-of-bounds read and write.

Impact summary: This out-of-bounds read may trigger a crash which leads to
Denial of Service for an application. The out-of-bounds write can cause
a memory corruption which can have various consequences including
a Denial of Service or Execution of attacker-supplied code.

Although the consequences of a successful exploit of this vulnerability
could be severe, the probability that the attacker would be able to
perform it is low. Besides, password based (PWRI) encryption support in CMS
messages is very rarely used. For that reason the issue was assessed as
Moderate severity according to our Security Policy.

The FIPS modules in 3.5, 3.4, 3.3, 3.2, 3.1 and 3.0 are not affected by this
issue, as the CMS implementation is outside the OpenSSL FIPS module
boundary.",CVE-2025-9230,High,Medium,security,JFrog,alpine:libcrypto3,< 3.0.19-r0,3.0.19-r0,,3.17:libcrypto3,,7.5/CVSS:3.1/AV:N/AC:L/PR:N/UI:N/S:U/C:N/I:N/A:H,"CWE-787,CWE-125",XRAY-725670,false,alpine://3.17:libssl3:3.0.8-r3,alpine://3.17:libcrypto3,"sha256__f56be85fc22e46face30e2c3de3f7fe7c15f8fd7c4e5add29d7f64b87abdaa09.tar.gz/3.17:libcrypto3:3.0.8-r3;
sha256__f56be85fc22e46face30e2c3de3f7fe7c15f8fd7c4e5add29d7f64b87abdaa09.tar.gz/3.17:libssl3:3.0.8-r3",Undetermined
"Issue summary: Processing a malformed PKCS#12 file can trigger a NULL pointer
dereference in the PKCS12_item_decrypt_d2i_ex() function.

Impact summary: A NULL pointer dereference can trigger a crash which leads to
Denial of Service for an application processing PKCS#12 files.

The PKCS12_item_decrypt_d2i_ex() function does not check whether the oct
parameter is NULL before dereferencing it. When called from
PKCS12_unpack_p7encdata() with a malformed PKCS#12 file, this parameter can
be NULL, causing a crash. The vulnerability is limited to Denial of Service
and cannot be escalated to achieve code execution or memory disclosure.

Exploiting this issue requires an attacker to provide a malformed PKCS#12 file
to an application that processes it. For that reason the issue was assessed as
Low severity according to our Security Policy.

The FIPS modules in 3.6, 3.5, 3.4, 3.3 and 3.0 are not affected by this issue,
as the PKCS#12 implementation is outside the OpenSSL FIPS module boundary.

OpenSSL 3.6, 3.5, 3.4, 3.3, 3.0, 1.1.1 and 1.0.2 are vulnerable to this issue.",CVE-2025-69421,High,Low,security,JFrog,alpine:libcrypto3,< 3.0.19-r0,3.0.19-r0,,3.17:libcrypto3,,7.5/CVSS:3.1/AV:N/AC:L/PR:N/UI:N/S:U/C:N/I:N/A:H,CWE-476,XRAY-936819,false,alpine://3.17:libssl3:3.0.8-r3,alpine://3.17:libcrypto3,"sha256__f56be85fc22e46face30e2c3de3f7fe7c15f8fd7c4e5add29d7f64b87abdaa09.tar.gz/3.17:libcrypto3:3.0.8-r3;
sha256__f56be85fc22e46face30e2c3de3f7fe7c15f8fd7c4e5add29d7f64b87abdaa09.tar.gz/3.17:libssl3:3.0.8-r3",Undetermined
"Issue summary: During processing of a crafted CMS EnvelopedData message
with KeyTransportRecipientInfo a NULL pointer dereference can happen.

Impact summary: Applications that process attacker-controlled CMS data may
crash before authentication or cryptographic operations occur resulting in
Denial of Service.

When a CMS EnvelopedData message that uses KeyTransportRecipientInfo with
RSA-OAEP encryption is processed, the optional parameters field of
RSA-OAEP SourceFunc algorithm identifier is examined without checking
for its presence. This results in a NULL pointer dereference if the field
is missing.

Applications and services that call CMS_decrypt() on untrusted input
(e.g., S/MIME processing or CMS-based protocols) are vulnerable.

The FIPS modules in 3.6, 3.5, 3.4, 3.3 and 3.0 are not affected by this
issue, as the affected code is outside the OpenSSL FIPS module boundary.",CVE-2026-28390,High,,security,JFrog,alpine:libcrypto3,< 3.5.6-r0,3.5.6-r0,,3.17:libcrypto3,,7.5/CVSS:3.1/AV:N/AC:L/PR:N/UI:N/S:U/C:N/I:N/A:H,CWE-476,XRAY-962285,false,alpine://3.17:libssl3:3.0.8-r3,alpine://3.17:libcrypto3,"sha256__f56be85fc22e46face30e2c3de3f7fe7c15f8fd7c4e5add29d7f64b87abdaa09.tar.gz/3.17:libcrypto3:3.0.8-r3;
sha256__f56be85fc22e46face30e2c3de3f7fe7c15f8fd7c4e5add29d7f64b87abdaa09.tar.gz/3.17:libssl3:3.0.8-r3",Undetermined
"Issue summary: During processing of a crafted CMS EnvelopedData message
with KeyAgreeRecipientInfo a NULL pointer dereference can happen.

Impact summary: Applications that process attacker-controlled CMS data may
crash before authentication or cryptographic operations occur resulting in
Denial of Service.

When a CMS EnvelopedData message that uses KeyAgreeRecipientInfo is
processed, the optional parameters field of KeyEncryptionAlgorithmIdentifier
is examined without checking for its presence. This results in a NULL
pointer dereference if the field is missing.

Applications and services that call CMS_decrypt() on untrusted input
(e.g., S/MIME processing or CMS-based protocols) are vulnerable.

The FIPS modules in 3.6, 3.5, 3.4, 3.3 and 3.0 are not affected by this
issue, as the affected code is outside the OpenSSL FIPS module boundary.",CVE-2026-28389,High,,security,JFrog,alpine:libcrypto3,< 3.5.6-r0,3.5.6-r0,,3.17:libcrypto3,,7.5/CVSS:3.1/AV:N/AC:L/PR:N/UI:N/S:U/C:N/I:N/A:H,CWE-476,XRAY-962283,false,alpine://3.17:libssl3:3.0.8-r3,alpine://3.17:libcrypto3,"sha256__f56be85fc22e46face30e2c3de3f7fe7c15f8fd7c4e5add29d7f64b87abdaa09.tar.gz/3.17:libcrypto3:3.0.8-r3;
sha256__f56be85fc22e46face30e2c3de3f7fe7c15f8fd7c4e5add29d7f64b87abdaa09.tar.gz/3.17:libssl3:3.0.8-r3",Undetermined
Denial of Service in mongodb,,High,,security,JFrog,mongodb,"0.9.1 ≤ Version ≤ 0.9.4,0.9.6,0.9.7,0.9.8,0.9.9,1.0.0 ≤ Version ≤ 1.0.2,1.1.0,1.1.1 ≤ Version ≤ 1.3.23,1.4.0,1.4.1 ≤ Version ≤ 1.4.40,2.0.0,2.0.1 ≤ Version ≤ 2.0.55,2.1.0,2.1.1 ≤ Version ≤ 2.1.21,2.2.0,2.2.1 ≤ Version ≤ 2.2.36,3.0.0,3.0.1 ≤ Version ≤ 3.0.11,3.1.0,3.1.1 ≤ Version ≤ 3.1.12",3.1.13,,mongodb,,,,XRAY-90643,false,npm://mongodb:3.0.1,npm://mongodb,sha256__7ded2465c61dfe2b42e59390a496788532dfd7a3d1c980d186cd36a9e2133c06.tar.gz/app/node_modules/mongodb,Not Covered
Axios up to and including 0.18.0 allows attackers to cause a denial of service (application crash) by continuing to accepting content after maxContentLength is exceeded.,CVE-2019-10742,High,,security,JFrog,axios,< 0.18.1,0.18.1,,axios,5.0/CVSS:2.0/AV:N/AC:L/Au:N/C:N/I:N/A:P,7.5/CVSS:3.0/AV:N/AC:L/PR:N/UI:N/S:U/C:N/I:N/A:H,"CWE-20,CWE-755",XRAY-81888,false,npm://axios:0.18.0,npm://axios,sha256__7ded2465c61dfe2b42e59390a496788532dfd7a3d1c980d186cd36a9e2133c06.tar.gz/app/node_modules/axios,Not Covered
"Axios is a promise based HTTP client for the browser and Node.js. Prior to 1.15.1 and 0.31.1, the Axios library's XSRF token protection logic uses JavaScript truthy/falsy semantics instead of strict boolean comparison for the withXSRFToken config property. When this property is set to any truthy non-boolean value (via prototype pollution or misconfiguration), the same-origin check (isURLSameOrigin) is short-circuited, causing XSRF tokens to be sent to all request targets including cross-origin servers controlled by an attacker. This vulnerability is fixed in 1.15.1 and 0.31.1.",CVE-2026-42042,Medium,Medium,security,JFrog,axios,"≤ 0.31.0,1.0.0 ≤ Version < 1.15.1","0.31.1,1.15.1",,axios,,5.4/CVSS:3.1/AV:N/AC:L/PR:N/UI:R/S:U/C:L/I:L/A:N,"CWE-201,CWE-183",XRAY-975954,false,npm://axios:0.18.0,npm://axios,sha256__7ded2465c61dfe2b42e59390a496788532dfd7a3d1c980d186cd36a9e2133c06.tar.gz/app/node_modules/axios,Not Covered
"Axios is a promise based HTTP client for the browser and Node.js. Prior to 1.15.1 and 0.31.1, the Axios library is vulnerable to a Prototype Pollution ""Gadget"" attack that allows any Object.prototype pollution to silently suppress all HTTP error responses (401, 403, 500, etc.), causing them to be treated as successful responses. This completely bypasses application-level authentication and error handling. The root cause is that validateStatus is the only config property using the mergeDirectKeys merge strategy, which uses JavaScript's in operator — an operator that inherently traverses the prototype chain. When Object.prototype.validateStatus is polluted with () => true, all HTTP status codes are accepted as success. This vulnerability is fixed in 1.15.1 and 0.31.1.",CVE-2026-42041,Medium,Medium,security,JFrog,axios,"≤ 0.31.0,1.0.0 ≤ Version < 1.15.1","0.31.1,1.15.1",,axios,,6.5/CVSS:3.1/AV:N/AC:L/PR:N/UI:N/S:U/C:L/I:L/A:N,"CWE-287,CWE-1321",XRAY-975953,false,npm://axios:0.18.0,npm://axios,sha256__7ded2465c61dfe2b42e59390a496788532dfd7a3d1c980d186cd36a9e2133c06.tar.gz/app/node_modules/axios,Not Covered
A use-after-free vulnerability was discovered in BusyBox v.1.36.1 via a crafted awk pattern in the awk.c copyvar function.,CVE-2023-42365,Medium,Medium,security,JFrog,alpine:busybox-binsh,< 1.35.0-r31,1.35.0-r31,,3.17:busybox-binsh,,5.5/CVSS:3.1/AV:L/AC:L/PR:N/UI:R/S:U/C:N/I:N/A:H,CWE-416,XRAY-539895,false,alpine://3.17:busybox-binsh:1.35.0-r29,alpine://3.17:busybox-binsh,"sha256__f56be85fc22e46face30e2c3de3f7fe7c15f8fd7c4e5add29d7f64b87abdaa09.tar.gz/3.17:busybox-binsh:1.35.0-r29;
sha256__f56be85fc22e46face30e2c3de3f7fe7c15f8fd7c4e5add29d7f64b87abdaa09.tar.gz/3.17:ssl_client:1.35.0-r29;
sha256__f56be85fc22e46face30e2c3de3f7fe7c15f8fd7c4e5add29d7f64b87abdaa09.tar.gz/3.17:busybox:1.35.0-r29",Not Covered
A heap-buffer-overflow was discovered in BusyBox v.1.36.1 in the next_token function at awk.c:1159.,CVE-2023-42366,Medium,Medium,security,JFrog,alpine:busybox-binsh,< 1.35.0-r30,1.35.0-r30,,3.17:busybox-binsh,,5.5/CVSS:3.1/AV:L/AC:L/PR:N/UI:R/S:U/C:N/I:N/A:H,CWE-787,XRAY-539894,false,alpine://3.17:busybox-binsh:1.35.0-r29,alpine://3.17:busybox-binsh,"sha256__f56be85fc22e46face30e2c3de3f7fe7c15f8fd7c4e5add29d7f64b87abdaa09.tar.gz/3.17:busybox:1.35.0-r29;
sha256__f56be85fc22e46face30e2c3de3f7fe7c15f8fd7c4e5add29d7f64b87abdaa09.tar.gz/3.17:ssl_client:1.35.0-r29;
sha256__f56be85fc22e46face30e2c3de3f7fe7c15f8fd7c4e5add29d7f64b87abdaa09.tar.gz/3.17:busybox-binsh:1.35.0-r29",Not Covered
Axios NPM package 0.21.0 contains a Server-Side Request Forgery (SSRF) vulnerability where an attacker is able to bypass a proxy by providing a URL that responds with a redirect to a restricted host or IP address.,CVE-2020-28168,Medium,Medium,security,JFrog,axios,< 0.21.1,0.21.1,2023-01-08T19:30:00Z,axios,4.3/CVSS:2.0/AV:N/AC:M/Au:N/C:P/I:N/A:N,5.9/CVSS:3.1/AV:N/AC:H/PR:N/UI:N/S:U/C:H/I:N/A:N,CWE-918,XRAY-128002,false,npm://axios:0.18.0,npm://axios,sha256__7ded2465c61dfe2b42e59390a496788532dfd7a3d1c980d186cd36a9e2133c06.tar.gz/app/node_modules/axios,Not Covered
"Issue summary: The AES-XTS cipher decryption implementation for 64 bit ARM
platform contains a bug that could cause it to read past the input buffer,
leading to a crash.

Impact summary: Applications that use the AES-XTS algorithm on the 64 bit ARM
platform can crash in rare circumstances. The AES-XTS algorithm is usually
used for disk encryption.

The AES-XTS cipher decryption implementation for 64 bit ARM platform will read
past the end of the ciphertext buffer if the ciphertext size is 4 mod 5 in 16
byte blocks, e.g. 144 bytes or 1024 bytes. If the memory after the ciphertext
buffer is unmapped, this will trigger a crash which results in a denial of
service.

If an attacker can control the size and location of the ciphertext buffer
being decrypted by an application using AES-XTS on 64 bit ARM, the
application is affected. This is fairly unlikely making this issue
a Low severity one.",CVE-2023-1255,Medium,Low,security,JFrog,alpine:libcrypto3,< 3.0.8-r4,3.0.8-r4,,3.17:libcrypto3,,5.9/CVSS:3.1/AV:N/AC:H/PR:N/UI:N/S:U/C:N/I:N/A:H,CWE-125,XRAY-515312,false,alpine://3.17:libcrypto3:3.0.8-r3,alpine://3.17:libcrypto3,"sha256__f56be85fc22e46face30e2c3de3f7fe7c15f8fd7c4e5add29d7f64b87abdaa09.tar.gz/3.17:libssl3:3.0.8-r3;
sha256__f56be85fc22e46face30e2c3de3f7fe7c15f8fd7c4e5add29d7f64b87abdaa09.tar.gz/3.17:libcrypto3:3.0.8-r3",Not Covered
"Axios is a promise based HTTP client for the browser and Node.js. Prior to 1.15.1 and 0.31.1, when responseType: 'stream' is used, Axios returns the response stream without enforcing maxContentLength. This bypasses configured response-size limits and allows unbounded downstream consumption. This vulnerability is fixed in 1.15.1 and 0.31.1.",CVE-2026-42036,Medium,,security,JFrog,axios,"≤ 0.31.0,1.0.0 ≤ Version < 1.15.1","0.31.1,1.15.1",,axios,,5.3/CVSS:3.1/AV:N/AC:L/PR:N/UI:N/S:U/C:N/I:N/A:L,CWE-770,XRAY-975951,false,npm://axios:0.18.0,npm://axios,sha256__7ded2465c61dfe2b42e59390a496788532dfd7a3d1c980d186cd36a9e2133c06.tar.gz/app/node_modules/axios,Not Covered
"Axios is a promise based HTTP client for the browser and Node.js. Prior to 1.15.1 and 0.31.1, for stream request bodies, maxBodyLength is bypassed when maxRedirects is set to 0 (native http/https transport path). Oversized streamed uploads are sent fully even when the caller sets strict body limits. This vulnerability is fixed in 1.15.1 and 0.31.1.",CVE-2026-42034,Medium,,security,JFrog,axios,"≤ 0.31.0,1.0.0 ≤ Version < 1.15.1","0.31.1,1.15.1",,axios,,5.3/CVSS:3.1/AV:N/AC:L/PR:N/UI:N/S:U/C:N/I:N/A:L,CWE-770,XRAY-975950,false,npm://axios:0.18.0,npm://axios,sha256__7ded2465c61dfe2b42e59390a496788532dfd7a3d1c980d186cd36a9e2133c06.tar.gz/app/node_modules/axios,Not Covered
"Impact:

Lodash versions 4.17.23 and earlier are vulnerable to prototype pollution in the _.unset and _.omit functions. The fix for (CVE-2025-13465: https://github.com/lodash/lodash/security/advisories/GHSA-xxjr-mmjv-4gpg) only guards against string key members, so an attacker can bypass the check by passing array-wrapped path segments. This allows deletion of properties from built-in prototypes such as Object.prototype, Number.prototype, and String.prototype.

The issue permits deletion of prototype properties but does not allow overwriting their original behavior.

Patches:

This issue is patched in 4.18.0.

Workarounds:

None. Upgrade to the patched version.",CVE-2026-2950,Medium,,security,JFrog,lodash,≤ 4.17.23,4.18.0,,lodash,,5.3/CVSS:3.1/AV:N/AC:L/PR:N/UI:N/S:U/C:N/I:L/A:N,CWE-1321,XRAY-959812,false,npm://lodash:4.17.4,npm://lodash,sha256__7ded2465c61dfe2b42e59390a496788532dfd7a3d1c980d186cd36a9e2133c06.tar.gz/app/node_modules/lodash,Not Covered
Incorrect parsing of certain JSON input may result in js-bson not correctly serializing BSON. This may cause unexpected application behaviour including data disclosure. This issue affects: MongoDB Inc. js-bson library version 1.1.3 and prior to.,CVE-2019-2391,Medium,,security,JFrog,bson,< 1.1.4,1.1.4,,bson,5.5/CVSS:2.0/AV:N/AC:L/Au:S/C:P/I:P/A:N,5.4/CVSS:3.1/AV:N/AC:L/PR:L/UI:N/S:U/C:L/I:L/A:N,CWE-502,XRAY-95979,false,npm://bson:1.0.9,npm://bson,sha256__7ded2465c61dfe2b42e59390a496788532dfd7a3d1c980d186cd36a9e2133c06.tar.gz/app/node_modules/bson,Not Covered
zlib before 1.3.2 allows CPU consumption via crc32_combine64 and crc32_combine_gen64 because x2nmodp can do right shifts within a loop that has no termination condition.,CVE-2026-27171,Medium,,security,JFrog,alpine:zlib,< 1.3.2-r0,1.3.2-r0,,3.17:zlib,,5.5/CVSS:3.1/AV:L/AC:L/PR:L/UI:N/S:U/C:N/I:N/A:H,CWE-1284,XRAY-945144,false,alpine://3.17:zlib:1.2.13-r0,alpine://3.17:zlib,sha256__f56be85fc22e46face30e2c3de3f7fe7c15f8fd7c4e5add29d7f64b87abdaa09.tar.gz/3.17:zlib:1.2.13-r0,Not Covered
"Issue summary: A type confusion vulnerability exists in the signature
verification of signed PKCS#7 data where an ASN1_TYPE union member is
accessed without first validating the type, causing an invalid or NULL
pointer dereference when processing malformed PKCS#7 data.

Impact summary: An application performing signature verification of PKCS#7
data or calling directly the PKCS7_digest_from_attributes() function can be
caused to dereference an invalid or NULL pointer when reading, resulting in
a Denial of Service.

The function PKCS7_digest_from_attributes() accesses the message digest attribute
value without validating its type. When the type is not V_ASN1_OCTET_STRING,
this results in accessing invalid memory through the ASN1_TYPE union, causing
a crash.

Exploiting this vulnerability requires an attacker to provide a malformed
signed PKCS#7 to an application that verifies it. The impact of the
exploit is just a Denial of Service, the PKCS7 API is legacy and applications
should be using the CMS API instead. For these reasons the issue was
assessed as Low severity.

The FIPS modules in 3.5, 3.4, 3.3 and 3.0 are not affected by this issue,
as the PKCS#7 parsing implementation is outside the OpenSSL FIPS module
boundary.

OpenSSL 3.6, 3.5, 3.4, 3.3, 3.0, 1.1.1 and 1.0.2 are vulnerable to this issue.",CVE-2026-22796,Medium,,security,JFrog,alpine:libcrypto3,< 3.0.19-r0,3.0.19-r0,,3.17:libcrypto3,,5.3/CVSS:3.1/AV:N/AC:L/PR:N/UI:N/S:U/C:N/I:N/A:L,CWE-754,XRAY-936852,false,alpine://3.17:libcrypto3:3.0.8-r3,alpine://3.17:libcrypto3,"sha256__f56be85fc22e46face30e2c3de3f7fe7c15f8fd7c4e5add29d7f64b87abdaa09.tar.gz/3.17:libcrypto3:3.0.8-r3;
sha256__f56be85fc22e46face30e2c3de3f7fe7c15f8fd7c4e5add29d7f64b87abdaa09.tar.gz/3.17:libssl3:3.0.8-r3",Not Covered
"Issue summary: If an application using the SSL_CIPHER_find() function in
a QUIC protocol client or server receives an unknown cipher suite from
the peer, a NULL dereference occurs.

Impact summary: A NULL pointer dereference leads to abnormal termination of
the running process causing Denial of Service.

Some applications call SSL_CIPHER_find() from the client_hello_cb callback
on the cipher ID received from the peer. If this is done with an SSL object
implementing the QUIC protocol, NULL pointer dereference will happen if
the examined cipher ID is unknown or unsupported.

As it is not very common to call this function in applications using the QUIC 
protocol and the worst outcome is Denial of Service, the issue was assessed
as Low severity.

The vulnerable code was introduced in the 3.2 version with the addition
of the QUIC protocol support.

The FIPS modules in 3.6, 3.5, 3.4 and 3.3 are not affected by this issue,
as the QUIC implementation is outside the OpenSSL FIPS module boundary.

OpenSSL 3.6, 3.5, 3.4 and 3.3 are vulnerable to this issue.

OpenSSL 3.0, 1.1.1 and 1.0.2 are not affected by this issue.",CVE-2025-15468,Medium,,security,JFrog,alpine:libcrypto3,< 3.5.5-r0,3.5.5-r0,,3.17:libcrypto3,,5.9/CVSS:3.1/AV:N/AC:H/PR:N/UI:N/S:U/C:N/I:N/A:H,CWE-476,XRAY-936836,false,alpine://3.17:libcrypto3:3.0.8-r3,alpine://3.17:libcrypto3,"sha256__f56be85fc22e46face30e2c3de3f7fe7c15f8fd7c4e5add29d7f64b87abdaa09.tar.gz/3.17:libssl3:3.0.8-r3;
sha256__f56be85fc22e46face30e2c3de3f7fe7c15f8fd7c4e5add29d7f64b87abdaa09.tar.gz/3.17:libcrypto3:3.0.8-r3",Not Covered
"Issue summary: The 'openssl dgst' command-line tool silently truncates input
data to 16MB when using one-shot signing algorithms and reports success instead
of an error.

Impact summary: A user signing or verifying files larger than 16MB with
one-shot algorithms (such as Ed25519, Ed448, or ML-DSA) may believe the entire
file is authenticated while trailing data beyond 16MB remains unauthenticated.

When the 'openssl dgst' command is used with algorithms that only support
one-shot signing (Ed25519, Ed448, ML-DSA-44, ML-DSA-65, ML-DSA-87), the input
is buffered with a 16MB limit. If the input exceeds this limit, the tool
silently truncates to the first 16MB and continues without signaling an error,
contrary to what the documentation states. This creates an integrity gap where
trailing bytes can be modified without detection if both signing and
verification are performed using the same affected codepath.

The issue affects only the command-line tool behavior. Verifiers that process
the full message using library APIs will reject the signature, so the risk
primarily affects workflows that both sign and verify with the affected
'openssl dgst' command. Streaming digest algorithms for 'openssl dgst' and
library users are unaffected.

The FIPS modules in 3.5 and 3.6 are not affected by this issue, as the
command-line tools are outside the OpenSSL FIPS module boundary.

OpenSSL 3.5 and 3.6 are vulnerable to this issue.

OpenSSL 3.4, 3.3, 3.0, 1.1.1 and 1.0.2 are not affected by this issue.",CVE-2025-15469,Medium,,security,JFrog,alpine:libcrypto3,< 3.5.5-r0,3.5.5-r0,,3.17:libcrypto3,,5.5/CVSS:3.1/AV:L/AC:L/PR:L/UI:N/S:U/C:N/I:H/A:N,CWE-347,XRAY-936833,false,alpine://3.17:libcrypto3:3.0.8-r3,alpine://3.17:libcrypto3,"sha256__f56be85fc22e46face30e2c3de3f7fe7c15f8fd7c4e5add29d7f64b87abdaa09.tar.gz/3.17:libssl3:3.0.8-r3;
sha256__f56be85fc22e46face30e2c3de3f7fe7c15f8fd7c4e5add29d7f64b87abdaa09.tar.gz/3.17:libcrypto3:3.0.8-r3",Not Covered
"Issue summary: PBMAC1 parameters in PKCS#12 files are missing validation
which can trigger a stack-based buffer overflow, invalid pointer or NULL
pointer dereference during MAC verification.

Impact summary: The stack buffer overflow or NULL pointer dereference may
cause a crash leading to Denial of Service for an application that parses
untrusted PKCS#12 files. The buffer overflow may also potentially enable
code execution depending on platform mitigations.

When verifying a PKCS#12 file that uses PBMAC1 for the MAC, the PBKDF2
salt and keylength parameters from the file are used without validation.
If the value of keylength exceeds the size of the fixed stack buffer used
for the derived key (64 bytes), the key derivation will overflow the buffer.
The overflow length is attacker-controlled. Also, if the salt parameter is
not an OCTET STRING type this can lead to invalid or NULL pointer
dereference.

Exploiting this issue requires a user or application to process
a maliciously crafted PKCS#12 file. It is uncommon to accept untrusted
PKCS#12 files in applications as they are usually used to store private
keys which are trusted by definition. For this reason the issue was assessed
as Moderate severity.

The FIPS modules in 3.6, 3.5 and 3.4 are not affected by this issue, as
PKCS#12 processing is outside the OpenSSL FIPS module boundary.

OpenSSL 3.6, 3.5 and 3.4 are vulnerable to this issue.

OpenSSL 3.3, 3.0, 1.1.1 and 1.0.2 are not affected by this issue as they do
not support PBMAC1 in PKCS#12.",CVE-2025-11187,Medium,,security,JFrog,alpine:libcrypto3,< 3.5.5-r0,3.5.5-r0,,3.17:libcrypto3,,6.1/CVSS:3.1/AV:L/AC:L/PR:L/UI:R/S:U/C:L/I:L/A:H,"CWE-787,CWE-476",XRAY-936829,false,alpine://3.17:libcrypto3:3.0.8-r3,alpine://3.17:libcrypto3,"sha256__f56be85fc22e46face30e2c3de3f7fe7c15f8fd7c4e5add29d7f64b87abdaa09.tar.gz/3.17:libssl3:3.0.8-r3;
sha256__f56be85fc22e46face30e2c3de3f7fe7c15f8fd7c4e5add29d7f64b87abdaa09.tar.gz/3.17:libcrypto3:3.0.8-r3",Not Covered
"Issue summary: An invalid or NULL pointer dereference can happen in
an application processing a malformed PKCS#12 file.

Impact summary: An application processing a malformed PKCS#12 file can be
caused to dereference an invalid or NULL pointer on memory read, resulting
in a Denial of Service.

A type confusion vulnerability exists in PKCS#12 parsing code where
an ASN1_TYPE union member is accessed without first validating the type,
causing an invalid pointer read.

The location is constrained to a 1-byte address space, meaning any
attempted pointer manipulation can only target addresses between 0x00 and 0xFF.
This range corresponds to the zero page, which is unmapped on most modern
operating systems and will reliably result in a crash, leading only to a
Denial of Service. Exploiting this issue also requires a user or application
to process a maliciously crafted PKCS#12 file. It is uncommon to accept
untrusted PKCS#12 files in applications as they are usually used to store
private keys which are trusted by definition. For these reasons, the issue
was assessed as Low severity.

The FIPS modules in 3.5, 3.4, 3.3 and 3.0 are not affected by this issue,
as the PKCS12 implementation is outside the OpenSSL FIPS module boundary.

OpenSSL 3.6, 3.5, 3.4, 3.3, 3.0 and 1.1.1 are vulnerable to this issue.

OpenSSL 1.0.2 is not affected by this issue.",CVE-2026-22795,Medium,,security,JFrog,alpine:libcrypto3,< 3.0.19-r0,3.0.19-r0,,3.17:libcrypto3,,5.5/CVSS:3.1/AV:L/AC:L/PR:N/UI:R/S:U/C:N/I:N/A:H,CWE-754,XRAY-936823,false,alpine://3.17:libcrypto3:3.0.8-r3,alpine://3.17:libcrypto3,"sha256__f56be85fc22e46face30e2c3de3f7fe7c15f8fd7c4e5add29d7f64b87abdaa09.tar.gz/3.17:libcrypto3:3.0.8-r3;
sha256__f56be85fc22e46face30e2c3de3f7fe7c15f8fd7c4e5add29d7f64b87abdaa09.tar.gz/3.17:libssl3:3.0.8-r3",Not Covered
"Issue summary: When using the low-level OCB API directly with AES-NI or<br>other hardware-accelerated code paths, inputs whose length is not a multiple<br>of 16 bytes can leave the final partial block unencrypted and unauthenticated.<br><br>Impact summary: The trailing 1-15 bytes of a message may be exposed in<br>cleartext on encryption and are not covered by the authentication tag,<br>allowing an attacker to read or tamper with those bytes without detection.<br><br>The low-level OCB encrypt and decrypt routines in the hardware-accelerated<br>stream path process full 16-byte blocks but do not advance the input/output<br>pointers. The subsequent tail-handling code then operates on the original<br>base pointers, effectively reprocessing the beginning of the buffer while<br>leaving the actual trailing bytes unprocessed. The authentication checksum<br>also excludes the true tail bytes.<br><br>However, typical OpenSSL consumers using EVP are not affected because the<br>higher-level EVP and provider OCB implementations split inputs so that full<br>blocks and trailing partial blocks are processed in separate calls, avoiding<br>the problematic code path. Additionally, TLS does not use OCB ciphersuites.<br>The vulnerability only affects applications that call the low-level<br>CRYPTO_ocb128_encrypt() or CRYPTO_ocb128_decrypt() functions directly with<br>non-block-aligned lengths in a single call on hardware-accelerated builds.<br>For these reasons the issue was assessed as Low severity.<br><br>The FIPS modules in 3.6, 3.5, 3.4, 3.3, 3.2, 3.1 and 3.0 are not affected<br>by this issue, as OCB mode is not a FIPS-approved algorithm.<br><br>OpenSSL 3.6, 3.5, 3.4, 3.3, 3.0 and 1.1.1 are vulnerable to this issue.<br><br>OpenSSL 1.0.2 is not affected by this issue.",CVE-2025-69418,Medium,,security,JFrog,alpine:libcrypto3,< 3.0.19-r0,3.0.19-r0,,3.17:libcrypto3,,4.0/CVSS:3.1/AV:L/AC:H/PR:N/UI:N/S:U/C:L/I:L/A:N,CWE-325,XRAY-936817,false,alpine://3.17:libcrypto3:3.0.8-r3,alpine://3.17:libcrypto3,"sha256__f56be85fc22e46face30e2c3de3f7fe7c15f8fd7c4e5add29d7f64b87abdaa09.tar.gz/3.17:libcrypto3:3.0.8-r3;
sha256__f56be85fc22e46face30e2c3de3f7fe7c15f8fd7c4e5add29d7f64b87abdaa09.tar.gz/3.17:libssl3:3.0.8-r3",Not Covered
"Issue summary: Writing large, newline-free data into a BIO chain using the
line-buffering filter where the next BIO performs short writes can trigger
a heap-based out-of-bounds write.

Impact summary: This out-of-bounds write can cause memory corruption which
typically results in a crash, leading to Denial of Service for an application.

The line-buffering BIO filter (BIO_f_linebuffer) is not used by default in
TLS/SSL data paths. In OpenSSL command-line applications, it is typically
only pushed onto stdout/stderr on VMS systems. Third-party applications that
explicitly use this filter with a BIO chain that can short-write and that
write large, newline-free data influenced by an attacker would be affected.
However, the circumstances where this could happen are unlikely to be under
attacker control, and BIO_f_linebuffer is unlikely to be handling non-curated
data controlled by an attacker. For that reason the issue was assessed as
Low severity.

The FIPS modules in 3.6, 3.5, 3.4, 3.3 and 3.0 are not affected by this issue,
as the BIO implementation is outside the OpenSSL FIPS module boundary.

OpenSSL 3.6, 3.5, 3.4, 3.3, 3.0, 1.1.1 and 1.0.2 are vulnerable to this issue.",CVE-2025-68160,Medium,,security,JFrog,alpine:libcrypto3,< 3.0.19-r0,3.0.19-r0,,3.17:libcrypto3,,4.7/CVSS:3.1/AV:L/AC:H/PR:L/UI:N/S:U/C:N/I:N/A:H,CWE-787,XRAY-936813,false,alpine://3.17:libcrypto3:3.0.8-r3,alpine://3.17:libcrypto3,"sha256__f56be85fc22e46face30e2c3de3f7fe7c15f8fd7c4e5add29d7f64b87abdaa09.tar.gz/3.17:libssl3:3.0.8-r3;
sha256__f56be85fc22e46face30e2c3de3f7fe7c15f8fd7c4e5add29d7f64b87abdaa09.tar.gz/3.17:libcrypto3:3.0.8-r3",Not Covered
"Issue summary: A TLS 1.3 connection using certificate compression can be
forced to allocate a large buffer before decompression without checking
against the configured certificate size limit.

Impact summary: An attacker can cause per-connection memory allocations of
up to approximately 22 MiB and extra CPU work, potentially leading to
service degradation or resource exhaustion (Denial of Service).

In affected configurations, the peer-supplied uncompressed certificate
length from a CompressedCertificate message is used to grow a heap buffer
prior to decompression. This length is not bounded by the max_cert_list
setting, which otherwise constrains certificate message sizes. An attacker
can exploit this to cause large per-connection allocations followed by
handshake failure. No memory corruption or information disclosure occurs.

This issue only affects builds where TLS 1.3 certificate compression is
compiled in (i.e., not OPENSSL_NO_COMP_ALG) and at least one compression
algorithm (brotli, zlib, or zstd) is available, and where the compression
extension is negotiated. Both clients receiving a server CompressedCertificate
and servers in mutual TLS scenarios receiving a client CompressedCertificate
are affected. Servers that do not request client certificates are not
vulnerable to client-initiated attacks.

Users can mitigate this issue by setting SSL_OP_NO_RX_CERTIFICATE_COMPRESSION
to disable receiving compressed certificates.

The FIPS modules in 3.6, 3.5, 3.4 and 3.3 are not affected by this issue,
as the TLS implementation is outside the OpenSSL FIPS module boundary.

OpenSSL 3.6, 3.5, 3.4 and 3.3 are vulnerable to this issue.

OpenSSL 3.0, 1.1.1 and 1.0.2 are not affected by this issue.",CVE-2025-66199,Medium,,security,JFrog,alpine:libcrypto3,< 3.5.5-r0,3.5.5-r0,,3.17:libcrypto3,,5.9/CVSS:3.1/AV:N/AC:H/PR:N/UI:N/S:U/C:N/I:N/A:H,CWE-789,XRAY-936809,false,alpine://3.17:libcrypto3:3.0.8-r3,alpine://3.17:libcrypto3,"sha256__f56be85fc22e46face30e2c3de3f7fe7c15f8fd7c4e5add29d7f64b87abdaa09.tar.gz/3.17:libssl3:3.0.8-r3;
sha256__f56be85fc22e46face30e2c3de3f7fe7c15f8fd7c4e5add29d7f64b87abdaa09.tar.gz/3.17:libcrypto3:3.0.8-r3",Not Covered
"Lodash versions 4.0.0 through 4.17.22 are vulnerable to prototype pollution in the _.unset and _.omit functions. An attacker can pass crafted paths which cause Lodash to delete methods from global prototypes.

The issue permits deletion of properties but does not allow overwriting their original behavior.

This issue is patched on 4.17.23",CVE-2025-13465,Medium,,security,JFrog,lodash,4.0.0 ≤ Version ≤ 4.17.22,4.17.23,,lodash,,5.3/CVSS:3.1/AV:N/AC:L/PR:N/UI:N/S:U/C:N/I:L/A:N,CWE-1321,XRAY-934936,false,npm://lodash:4.17.4,npm://lodash,sha256__7ded2465c61dfe2b42e59390a496788532dfd7a3d1c980d186cd36a9e2133c06.tar.gz/app/node_modules/lodash,Not Covered
"BusyBox wget thru 1.3.7 accepted raw CR (0x0D)/LF (0x0A) and other C0 control bytes in the HTTP request-target (path/query), allowing the request line to be split and attacker-controlled headers to be injected. To preserve the HTTP/1.1 request-line shape METHOD SP request-target SP HTTP/1.1, a raw space (0x20) in the request-target must also be rejected (clients should use %20).",CVE-2025-60876,Medium,,security,JFrog,alpine:busybox-binsh,≤ 1.35.0-r31,,,3.17:busybox-binsh,,6.5/CVSS:3.1/AV:N/AC:L/PR:N/UI:N/S:U/C:L/I:L/A:N,CWE-284,XRAY-908433,false,alpine://3.17:busybox-binsh:1.35.0-r29,alpine://3.17:busybox-binsh,"sha256__f56be85fc22e46face30e2c3de3f7fe7c15f8fd7c4e5add29d7f64b87abdaa09.tar.gz/3.17:ssl_client:1.35.0-r29;
sha256__f56be85fc22e46face30e2c3de3f7fe7c15f8fd7c4e5add29d7f64b87abdaa09.tar.gz/3.17:busybox:1.35.0-r29;
sha256__f56be85fc22e46face30e2c3de3f7fe7c15f8fd7c4e5add29d7f64b87abdaa09.tar.gz/3.17:busybox-binsh:1.35.0-r29",Not Covered
"lodash prior to 4.17.11 is affected by: CWE-400: Uncontrolled Resource Consumption. The impact is: Denial of service. The component is: Date handler. The attack vector is: Attacker provides very long strings, which the library attempts to match using a regular expression. The fixed version is: 4.17.11.",CVE-2019-1010266,Medium,,security,JFrog,lodash,4.7.0 ≤ Version < 4.17.11,4.17.11,,lodash,4.0/CVSS:2.0/AV:N/AC:L/Au:S/C:N/I:N/A:P,6.5/CVSS:3.1/AV:N/AC:L/PR:L/UI:N/S:U/C:N/I:N/A:H,"CWE-400,CWE-770",XRAY-85049,false,npm://lodash:4.17.4,npm://lodash,sha256__7ded2465c61dfe2b42e59390a496788532dfd7a3d1c980d186cd36a9e2133c06.tar.gz/app/node_modules/lodash,Not Covered
"lodash node module before 4.17.5 suffers from a Modification of Assumed-Immutable Data (MAID) vulnerability via defaultsDeep, merge, and mergeWith functions, which allows a malicious user to modify the prototype of ""Object"" via __proto__, causing the addition or modification of an existing property that will exist on all objects.",CVE-2018-3721,Medium,,security,JFrog,lodash,< 4.17.5,4.17.5,,lodash,4.0/CVSS:2.0/AV:N/AC:L/Au:S/C:N/I:P/A:N,6.5/CVSS:3.1/AV:N/AC:L/PR:L/UI:N/S:U/C:N/I:H/A:N,"CWE-471,CWE-1321",XRAY-72918,false,npm://lodash:4.17.4,npm://lodash,sha256__7ded2465c61dfe2b42e59390a496788532dfd7a3d1c980d186cd36a9e2133c06.tar.gz/app/node_modules/lodash,Not Covered
"Issue summary: An application using the OpenSSL HTTP client API functions may
trigger an out-of-bounds read if the 'no_proxy' environment variable is set and
the host portion of the authority component of the HTTP URL is an IPv6 address.

Impact summary: An out-of-bounds read can trigger a crash which leads to
Denial of Service for an application.

The OpenSSL HTTP client API functions can be used directly by applications
but they are also used by the OCSP client functions and CMP (Certificate
Management Protocol) client implementation in OpenSSL. However the URLs used
by these implementations are unlikely to be controlled by an attacker.

In this vulnerable code the out of bounds read can only trigger a crash.
Furthermore the vulnerability requires an attacker-controlled URL to be
passed from an application to the OpenSSL function and the user has to have
a 'no_proxy' environment variable set. For the aforementioned reasons the
issue was assessed as Low severity.

The vulnerable code was introduced in the following patch releases:
3.0.16, 3.1.8, 3.2.4, 3.3.3, 3.4.0 and 3.5.0.

The FIPS modules in 3.5, 3.4, 3.3, 3.2, 3.1 and 3.0 are not affected by this
issue, as the HTTP client implementation is outside the OpenSSL FIPS module
boundary.",CVE-2025-9232,Medium,,security,JFrog,alpine:libcrypto3,< 3.0.19-r0,3.0.19-r0,,3.17:libcrypto3,,5.9/CVSS:3.1/AV:N/AC:H/PR:N/UI:N/S:U/C:N/I:N/A:H,CWE-125,XRAY-725672,false,alpine://3.17:libcrypto3:3.0.8-r3,alpine://3.17:libcrypto3,"sha256__f56be85fc22e46face30e2c3de3f7fe7c15f8fd7c4e5add29d7f64b87abdaa09.tar.gz/3.17:libcrypto3:3.0.8-r3;
sha256__f56be85fc22e46face30e2c3de3f7fe7c15f8fd7c4e5add29d7f64b87abdaa09.tar.gz/3.17:libssl3:3.0.8-r3",Not Covered
"Issue summary: A timing side-channel which could potentially allow remote
recovery of the private key exists in the SM2 algorithm implementation on 64 bit
ARM platforms.

Impact summary: A timing side-channel in SM2 signature computations on 64 bit
ARM platforms could allow recovering the private key by an attacker..

While remote key recovery over a network was not attempted by the reporter,
timing measurements revealed a timing signal which may allow such an attack.

OpenSSL does not directly support certificates with SM2 keys in TLS, and so
this CVE is not relevant in most TLS contexts.  However, given that it is
possible to add support for such certificates via a custom provider, coupled
with the fact that in such a custom provider context the private key may be
recoverable via remote timing measurements, we consider this to be a Moderate
severity issue.

The FIPS modules in 3.5, 3.4, 3.3, 3.2, 3.1 and 3.0 are not affected by this
issue, as SM2 is not an approved algorithm.",CVE-2025-9231,Medium,,security,JFrog,alpine:libcrypto3,< 3.5.4-r0,3.5.4-r0,,3.17:libcrypto3,,6.5/CVSS:3.1/AV:N/AC:L/PR:N/UI:N/S:U/C:L/I:N/A:L,CWE-385,XRAY-725671,false,alpine://3.17:libcrypto3:3.0.8-r3,alpine://3.17:libcrypto3,"sha256__f56be85fc22e46face30e2c3de3f7fe7c15f8fd7c4e5add29d7f64b87abdaa09.tar.gz/3.17:libcrypto3:3.0.8-r3;
sha256__f56be85fc22e46face30e2c3de3f7fe7c15f8fd7c4e5add29d7f64b87abdaa09.tar.gz/3.17:libssl3:3.0.8-r3",Not Covered
"Issue summary: A timing side-channel which could potentially allow recovering
the private key exists in the ECDSA signature computation.

Impact summary: A timing side-channel in ECDSA signature computations
could allow recovering the private key by an attacker. However, measuring
the timing would require either local access to the signing application or
a very fast network connection with low latency.

There is a timing signal of around 300 nanoseconds when the top word of
the inverted ECDSA nonce value is zero. This can happen with significant
probability only for some of the supported elliptic curves. In particular
the NIST P-521 curve is affected. To be able to measure this leak, the attacker
process must either be located in the same physical computer or must
have a very fast network connection with low latency. For that reason
the severity of this vulnerability is Low.

The FIPS modules in 3.4, 3.3, 3.2, 3.1 and 3.0 are affected by this issue.",CVE-2024-13176,Medium,,security,JFrog,alpine:libcrypto3,< 3.0.19-r0,3.0.19-r0,,3.17:libcrypto3,,4.1/CVSS:3.1/AV:P/AC:L/PR:L/UI:N/S:U/C:L/I:L/A:L,CWE-385,XRAY-670060,false,alpine://3.17:libcrypto3:3.0.8-r3,alpine://3.17:libcrypto3,"sha256__f56be85fc22e46face30e2c3de3f7fe7c15f8fd7c4e5add29d7f64b87abdaa09.tar.gz/3.17:libssl3:3.0.8-r3;
sha256__f56be85fc22e46face30e2c3de3f7fe7c15f8fd7c4e5add29d7f64b87abdaa09.tar.gz/3.17:libcrypto3:3.0.8-r3",Not Covered
serve-static serves static files. serve-static passes untrusted user input - even after sanitizing it - to redirect() may execute untrusted code. This issue is patched in serve-static 1.16.0.,CVE-2024-43800,Medium,,security,JFrog,serve-static,"< 1.16.0,2.0.0 ≤ Version < 2.1.0","1.16.0,2.1.0",,serve-static,,4.7/CVSS:3.1/AV:N/AC:H/PR:N/UI:R/S:C/C:L/I:L/A:N,CWE-79,XRAY-642592,false,npm://serve-static:1.13.1,npm://serve-static,sha256__7ded2465c61dfe2b42e59390a496788532dfd7a3d1c980d186cd36a9e2133c06.tar.gz/app/node_modules/serve-static,Not Covered
Send is a library for streaming files from the file system as a http response. Send passes untrusted user input to SendStream.redirect() which executes untrusted code. This issue is patched in send 0.19.0.,CVE-2024-43799,Medium,,security,JFrog,send,< 0.19.0,0.19.0,,send,,4.7/CVSS:3.1/AV:N/AC:H/PR:N/UI:R/S:C/C:L/I:L/A:N,CWE-79,XRAY-642590,false,npm://send:0.16.1,npm://send,sha256__7ded2465c61dfe2b42e59390a496788532dfd7a3d1c980d186cd36a9e2133c06.tar.gz/app/node_modules/send,Not Covered
"Express.js minimalist web framework for node. In express < 4.20.0, passing untrusted user input - even after sanitizing it - to response.redirect() may execute untrusted code. This issue is patched in express 4.20.0.",CVE-2024-43796,Medium,,security,JFrog,express,"< 4.20.0,5.0.0-alpha.1 ≤ Version < 5.0.0","4.20.0,5.0.0",,express,,4.7/CVSS:3.1/AV:N/AC:H/PR:N/UI:R/S:C/C:L/I:L/A:N,CWE-79,XRAY-642573,false,npm://express:4.16.1,npm://express,sha256__7ded2465c61dfe2b42e59390a496788532dfd7a3d1c980d186cd36a9e2133c06.tar.gz/app/node_modules/express,Not Covered
"Issue summary: Checking excessively long DH keys or parameters may be very slow.

Impact summary: Applications that use the functions DH_check(), DH_check_ex()
or EVP_PKEY_param_check() to check a DH key or DH parameters may experience long
delays. Where the key or parameters that are being checked have been obtained
from an untrusted source this may lead to a Denial of Service.

The function DH_check() performs various checks on DH parameters. One of those
checks confirms that the modulus ('p' parameter) is not too large. Trying to use
a very large modulus is slow and OpenSSL will not normally use a modulus which
is over 10,000 bits in length.

However the DH_check() function checks numerous aspects of the key or parameters
that have been supplied. Some of those checks use the supplied modulus value
even if it has already been found to be too large.

An application that calls DH_check() and supplies a key or parameters obtained
from an untrusted source could be vulernable to a Denial of Service attack.

The function DH_check() is itself called by a number of other OpenSSL functions.
An application calling any of those other functions may similarly be affected.
The other functions affected by this are DH_check_ex() and
EVP_PKEY_param_check().

Also vulnerable are the OpenSSL dhparam and pkeyparam command line applications
when using the '-check' option.

The OpenSSL SSL/TLS implementation is not affected by this issue.
The OpenSSL 3.0 and 3.1 FIPS providers are not affected by this issue.",CVE-2023-3446,Medium,,security,JFrog,alpine:libcrypto3,< 3.0.9-r3,3.0.9-r3,,3.17:libcrypto3,,5.3/CVSS:3.1/AV:N/AC:L/PR:N/UI:N/S:U/C:N/I:N/A:L,"CWE-1333,CWE-606",XRAY-608052,false,alpine://3.17:libcrypto3:3.0.8-r3,alpine://3.17:libcrypto3,"sha256__f56be85fc22e46face30e2c3de3f7fe7c15f8fd7c4e5add29d7f64b87abdaa09.tar.gz/3.17:libssl3:3.0.8-r3;
sha256__f56be85fc22e46face30e2c3de3f7fe7c15f8fd7c4e5add29d7f64b87abdaa09.tar.gz/3.17:libcrypto3:3.0.8-r3",Not Covered
"Issue summary: Processing a maliciously formatted PKCS12 file may lead OpenSSL
to crash leading to a potential Denial of Service attack

Impact summary: Applications loading files in the PKCS12 format from untrusted
sources might terminate abruptly.

A file in PKCS12 format can contain certificates and keys and may come from an
untrusted source. The PKCS12 specification allows certain fields to be NULL, but
OpenSSL does not correctly check for this case. This can lead to a NULL pointer
dereference that results in OpenSSL crashing. If an application processes PKCS12
files from an untrusted source using the OpenSSL APIs then that application will
be vulnerable to this issue.

OpenSSL APIs that are vulnerable to this are: PKCS12_parse(),
PKCS12_unpack_p7data(), PKCS12_unpack_p7encdata(), PKCS12_unpack_authsafes()
and PKCS12_newpass().

We have also fixed a similar issue in SMIME_write_PKCS7(). However since this
function is related to writing data we do not consider it security significant.

The FIPS modules in 3.2, 3.1 and 3.0 are not affected by this issue.",CVE-2024-0727,Medium,,security,JFrog,alpine:libcrypto3,< 3.0.12-r4,3.0.12-r4,,3.17:libcrypto3,,5.5/CVSS:3.1/AV:L/AC:L/PR:N/UI:R/S:U/C:N/I:N/A:H,"CWE-476,NVD-CWE-noinfo",XRAY-608014,false,alpine://3.17:libcrypto3:3.0.8-r3,alpine://3.17:libcrypto3,"sha256__f56be85fc22e46face30e2c3de3f7fe7c15f8fd7c4e5add29d7f64b87abdaa09.tar.gz/3.17:libcrypto3:3.0.8-r3;
sha256__f56be85fc22e46face30e2c3de3f7fe7c15f8fd7c4e5add29d7f64b87abdaa09.tar.gz/3.17:libssl3:3.0.8-r3",Not Covered
"Issue summary: Checking excessively long DSA keys or parameters may be very
slow.

Impact summary: Applications that use the functions EVP_PKEY_param_check()
or EVP_PKEY_public_check() to check a DSA public key or DSA parameters may
experience long delays. Where the key or parameters that are being checked
have been obtained from an untrusted source this may lead to a Denial of
Service.

The functions EVP_PKEY_param_check() or EVP_PKEY_public_check() perform
various checks on DSA parameters. Some of those computations take a long time
if the modulus (`p` parameter) is too large.

Trying to use a very large modulus is slow and OpenSSL will not allow using
public keys with a modulus which is over 10,000 bits in length for signature
verification. However the key and parameter check functions do not limit
the modulus size when performing the checks.

An application that calls EVP_PKEY_param_check() or EVP_PKEY_public_check()
and supplies a key or parameters obtained from an untrusted source could be
vulnerable to a Denial of Service attack.

These functions are not called by OpenSSL itself on untrusted DSA keys so
only applications that directly call these functions may be vulnerable.

Also vulnerable are the OpenSSL pkey and pkeyparam command line applications
when using the `-check` option.

The OpenSSL SSL/TLS implementation is not affected by this issue.

The OpenSSL 3.0 and 3.1 FIPS providers are affected by this issue.",CVE-2024-4603,Medium,,security,JFrog,alpine:libcrypto3,< 3.0.13-r0,3.0.13-r0,,3.17:libcrypto3,,5.3/CVSS:3.1/AV:N/AC:L/PR:N/UI:N/S:U/C:N/I:N/A:L,"CWE-834,CWE-606",XRAY-601459,false,alpine://3.17:libcrypto3:3.0.8-r3,alpine://3.17:libcrypto3,"sha256__f56be85fc22e46face30e2c3de3f7fe7c15f8fd7c4e5add29d7f64b87abdaa09.tar.gz/3.17:libcrypto3:3.0.8-r3;
sha256__f56be85fc22e46face30e2c3de3f7fe7c15f8fd7c4e5add29d7f64b87abdaa09.tar.gz/3.17:libssl3:3.0.8-r3",Not Covered
"Issue summary: Checking excessively long invalid RSA public keys may take
a long time.

Impact summary: Applications that use the function EVP_PKEY_public_check()
to check RSA public keys may experience long delays. Where the key that
is being checked has been obtained from an untrusted source this may lead
to a Denial of Service.

When function EVP_PKEY_public_check() is called on RSA public keys,
a computation is done to confirm that the RSA modulus, n, is composite.
For valid RSA keys, n is a product of two or more large primes and this
computation completes quickly. However, if n is an overly large prime,
then this computation would take a long time.

An application that calls EVP_PKEY_public_check() and supplies an RSA key
obtained from an untrusted source could be vulnerable to a Denial of Service
attack.

The function EVP_PKEY_public_check() is not called from other OpenSSL
functions however it is called from the OpenSSL pkey command line
application. For that reason that application is also vulnerable if used
with the '-pubin' and '-check' options on untrusted data.

The OpenSSL SSL/TLS implementation is not affected by this issue.

The OpenSSL 3.0 and 3.1 FIPS providers are affected by this issue.",CVE-2023-6237,Medium,,security,JFrog,alpine:libcrypto3,< 3.0.12-r3,3.0.12-r3,,3.17:libcrypto3,,5.9/CVSS:3.1/AV:N/AC:H/PR:N/UI:N/S:U/C:N/I:N/A:H,CWE-606,XRAY-599310,false,alpine://3.17:libcrypto3:3.0.8-r3,alpine://3.17:libcrypto3,"sha256__f56be85fc22e46face30e2c3de3f7fe7c15f8fd7c4e5add29d7f64b87abdaa09.tar.gz/3.17:libssl3:3.0.8-r3;
sha256__f56be85fc22e46face30e2c3de3f7fe7c15f8fd7c4e5add29d7f64b87abdaa09.tar.gz/3.17:libcrypto3:3.0.8-r3",Not Covered
"Issue summary: Some non-default TLS server configurations can cause unbounded
memory growth when processing TLSv1.3 sessions

Impact summary: An attacker may exploit certain server configurations to trigger
unbounded memory growth that would lead to a Denial of Service

This problem can occur in TLSv1.3 if the non-default SSL_OP_NO_TICKET option is
being used (but not if early_data support is also configured and the default
anti-replay protection is in use). In this case, under certain conditions, the
session cache can get into an incorrect state and it will fail to flush properly
as it fills. The session cache will continue to grow in an unbounded manner. A
malicious client could deliberately create the scenario for this failure to
force a Denial of Service. It may also happen by accident in normal operation.

This issue only affects TLS servers supporting TLSv1.3. It does not affect TLS
clients.

The FIPS modules in 3.2, 3.1 and 3.0 are not affected by this issue. OpenSSL
1.0.2 is also not affected by this issue.",CVE-2024-2511,Medium,,security,JFrog,alpine:libcrypto3,< 3.0.12-r5,3.0.12-r5,,3.17:libcrypto3,,5.9/CVSS:3.1/AV:N/AC:H/PR:N/UI:N/S:U/C:N/I:N/A:H,CWE-1325,XRAY-597665,false,alpine://3.17:libcrypto3:3.0.8-r3,alpine://3.17:libcrypto3,"sha256__f56be85fc22e46face30e2c3de3f7fe7c15f8fd7c4e5add29d7f64b87abdaa09.tar.gz/3.17:libssl3:3.0.8-r3;
sha256__f56be85fc22e46face30e2c3de3f7fe7c15f8fd7c4e5add29d7f64b87abdaa09.tar.gz/3.17:libcrypto3:3.0.8-r3",Not Covered
"Express.js minimalist web framework for node. Versions of Express.js prior to 4.19.0 and all pre-release alpha and beta versions of 5.0 are affected by an open redirect vulnerability using malformed URLs. When a user of Express performs a redirect using a user-provided URL Express performs an encode [using `encodeurl`](https://github.com/pillarjs/encodeurl) on the contents before passing it to the `location` header. This can cause malformed URLs to be evaluated in unexpected ways by common redirect allow list implementations in Express applications, leading to an Open Redirect via bypass of a properly implemented allow list. The main method impacted is `res.location()` but this is also called from within `res.redirect()`. The vulnerability is fixed in 4.19.2 and 5.0.0-beta.3.",CVE-2024-29041,Medium,,security,JFrog,express,"< 4.19.2,5.0.0-alpha.1 ≤ Version < 5.0.0-beta.3","4.19.2,5.0.0-beta.3",,express,,6.1/CVSS:3.1/AV:N/AC:L/PR:N/UI:R/S:C/C:L/I:L/A:N,"CWE-1286,CWE-601",XRAY-594935,false,npm://express:4.16.1,npm://express,sha256__7ded2465c61dfe2b42e59390a496788532dfd7a3d1c980d186cd36a9e2133c06.tar.gz/app/node_modules/express,Not Covered
"Issue summary: The POLY1305 MAC (message authentication code) implementation
contains a bug that might corrupt the internal state of applications running
on PowerPC CPU based platforms if the CPU provides vector instructions.

Impact summary: If an attacker can influence whether the POLY1305 MAC
algorithm is used, the application state might be corrupted with various
application dependent consequences.

The POLY1305 MAC (message authentication code) implementation in OpenSSL for
PowerPC CPUs restores the contents of vector registers in a different order
than they are saved. Thus the contents of some of these vector registers
are corrupted when returning to the caller. The vulnerable code is used only
on newer PowerPC processors supporting the PowerISA 2.07 instructions.

The consequences of this kind of internal application state corruption can
be various - from no consequences, if the calling application does not
depend on the contents of non-volatile XMM registers at all, to the worst
consequences, where the attacker could get complete control of the application
process. However unless the compiler uses the vector registers for storing
pointers, the most likely consequence, if any, would be an incorrect result
of some application dependent calculations or a crash leading to a denial of
service.

The POLY1305 MAC algorithm is most frequently used as part of the
CHACHA20-POLY1305 AEAD (authenticated encryption with associated data)
algorithm. The most common usage of this AEAD cipher is with TLS protocol
versions 1.2 and 1.3. If this cipher is enabled on the server a malicious
client can influence whether this AEAD cipher is used. This implies that
TLS server applications using OpenSSL can be potentially impacted. However
we are currently not aware of any concrete application that would be affected
by this issue therefore we consider this a Low severity security issue.",CVE-2023-6129,Medium,,security,JFrog,alpine:libcrypto3,< 3.0.12-r2,3.0.12-r2,,3.17:libcrypto3,,6.5/CVSS:3.1/AV:N/AC:H/PR:N/UI:N/S:U/C:N/I:L/A:H,"CWE-787,CWE-440",XRAY-588120,false,alpine://3.17:libcrypto3:3.0.8-r3,alpine://3.17:libcrypto3,"sha256__f56be85fc22e46face30e2c3de3f7fe7c15f8fd7c4e5add29d7f64b87abdaa09.tar.gz/3.17:libcrypto3:3.0.8-r3;
sha256__f56be85fc22e46face30e2c3de3f7fe7c15f8fd7c4e5add29d7f64b87abdaa09.tar.gz/3.17:libssl3:3.0.8-r3",Not Covered
A use-after-free vulnerability in BusyBox v.1.36.1 allows attackers to cause a denial of service via a crafted awk pattern in the awk.c evaluate function.,CVE-2023-42364,Medium,,security,JFrog,alpine:busybox-binsh,< 1.35.0-r31,1.35.0-r31,,3.17:busybox-binsh,,5.5/CVSS:3.1/AV:L/AC:L/PR:N/UI:R/S:U/C:N/I:N/A:H,CWE-416,XRAY-539896,false,alpine://3.17:busybox-binsh:1.35.0-r29,alpine://3.17:busybox-binsh,"sha256__f56be85fc22e46face30e2c3de3f7fe7c15f8fd7c4e5add29d7f64b87abdaa09.tar.gz/3.17:busybox:1.35.0-r29;
sha256__f56be85fc22e46face30e2c3de3f7fe7c15f8fd7c4e5add29d7f64b87abdaa09.tar.gz/3.17:ssl_client:1.35.0-r29;
sha256__f56be85fc22e46face30e2c3de3f7fe7c15f8fd7c4e5add29d7f64b87abdaa09.tar.gz/3.17:busybox-binsh:1.35.0-r29",Not Covered
An issue discovered in Axios 1.5.1 inadvertently reveals the confidential XSRF-TOKEN stored in cookies by including it in the HTTP header X-XSRF-TOKEN for every request made to any host allowing attackers to view sensitive information.,CVE-2023-45857,Medium,,security,JFrog,axios,"0.8.1 ≤ Version < 0.28.0,1.0.0 ≤ Version < 1.6.0","0.28.0,1.6.0",,axios,,6.5/CVSS:3.1/AV:N/AC:L/PR:N/UI:R/S:U/C:H/I:N/A:N,CWE-352,XRAY-535858,false,npm://axios:0.18.0,npm://axios,sha256__7ded2465c61dfe2b42e59390a496788532dfd7a3d1c980d186cd36a9e2133c06.tar.gz/app/node_modules/axios,Not Covered
"Issue summary: Generating excessively long X9.42 DH keys or checking
excessively long X9.42 DH keys or parameters may be very slow.

Impact summary: Applications that use the functions DH_generate_key() to
generate an X9.42 DH key may experience long delays.  Likewise, applications
that use DH_check_pub_key(), DH_check_pub_key_ex() or EVP_PKEY_public_check()
to check an X9.42 DH key or X9.42 DH parameters may experience long delays.
Where the key or parameters that are being checked have been obtained from
an untrusted source this may lead to a Denial of Service.

While DH_check() performs all the necessary checks (as of CVE-2023-3817),
DH_check_pub_key() doesn't make any of these checks, and is therefore
vulnerable for excessively large P and Q parameters.

Likewise, while DH_generate_key() performs a check for an excessively large
P, it doesn't check for an excessively large Q.

An application that calls DH_generate_key() or DH_check_pub_key() and
supplies a key or parameters obtained from an untrusted source could be
vulnerable to a Denial of Service attack.

DH_generate_key() and DH_check_pub_key() are also called by a number of
other OpenSSL functions.  An application calling any of those other
functions may similarly be affected.  The other functions affected by this
are DH_check_pub_key_ex(), EVP_PKEY_public_check(), and EVP_PKEY_generate().

Also vulnerable are the OpenSSL pkey command line application when using the
""-pubcheck"" option, as well as the OpenSSL genpkey command line application.

The OpenSSL SSL/TLS implementation is not affected by this issue.

The OpenSSL 3.0 and 3.1 FIPS providers are not affected by this issue.",CVE-2023-5678,Medium,,security,JFrog,alpine:libcrypto3,< 3.0.12-r1,3.0.12-r1,,3.17:libcrypto3,,5.3/CVSS:3.1/AV:N/AC:L/PR:N/UI:N/S:U/C:N/I:N/A:L,"CWE-754,CWE-606",XRAY-535159,false,alpine://3.17:libcrypto3:3.0.8-r3,alpine://3.17:libcrypto3,"sha256__f56be85fc22e46face30e2c3de3f7fe7c15f8fd7c4e5add29d7f64b87abdaa09.tar.gz/3.17:libcrypto3:3.0.8-r3;
sha256__f56be85fc22e46face30e2c3de3f7fe7c15f8fd7c4e5add29d7f64b87abdaa09.tar.gz/3.17:libssl3:3.0.8-r3",Not Covered
"**DISPUTED**A failure in the -fstack-protector feature in GCC-based toolchains 
that target AArch64 allows an attacker to exploit an existing buffer 
overflow in dynamically-sized local variables in your application 
without this being detected. This stack-protector failure only applies 
to C99-style dynamically-sized local variables or those created using 
alloca(). The stack-protector operates as intended for statically-sized 
local variables.

The default behavior when the stack-protector 
detects an overflow is to terminate your application, resulting in 
controlled loss of availability. An attacker who can exploit a buffer 
overflow without triggering the stack-protector might be able to change 
program flow control to cause an uncontrolled loss of availability or to
 go further and affect confidentiality or integrity. NOTE: The GCC project argues that this is a missed hardening bug and not a vulnerability by itself.",CVE-2023-4039,Medium,,security,JFrog,alpine:libgcc,< 13.2.1_git20231014-r0,13.2.1_git20231014-r0,,3.17:libgcc,,4.8/CVSS:3.1/AV:N/AC:H/PR:N/UI:N/S:U/C:L/I:L/A:N,"NVD-CWE-Other,CWE-693",XRAY-532019,false,alpine://3.17:libgcc:12.2.1_git20220924-r4,alpine://3.17:libgcc,"sha256__8f665685b215c7daf9164545f1bbdd74d800af77d0d267db31fe0345c0c8fb8b.tar.gz/3.17:libgcc:12.2.1_git20220924-r4;
sha256__8f665685b215c7daf9164545f1bbdd74d800af77d0d267db31fe0345c0c8fb8b.tar.gz/3.17:libstdc++:12.2.1_git20220924-r4",Not Covered
"Issue summary: Checking excessively long DH keys or parameters may be very slow.

Impact summary: Applications that use the functions DH_check(), DH_check_ex()
or EVP_PKEY_param_check() to check a DH key or DH parameters may experience long
delays. Where the key or parameters that are being checked have been obtained
from an untrusted source this may lead to a Denial of Service.

The function DH_check() performs various checks on DH parameters. After fixing
CVE-2023-3446 it was discovered that a large q parameter value can also trigger
an overly long computation during some of these checks. A correct q value,
if present, cannot be larger than the modulus p parameter, thus it is
unnecessary to perform these checks if q is larger than p.

An application that calls DH_check() and supplies a key or parameters obtained
from an untrusted source could be vulnerable to a Denial of Service attack.

The function DH_check() is itself called by a number of other OpenSSL functions.
An application calling any of those other functions may similarly be affected.
The other functions affected by this are DH_check_ex() and
EVP_PKEY_param_check().

Also vulnerable are the OpenSSL dhparam and pkeyparam command line applications
when using the ""-check"" option.

The OpenSSL SSL/TLS implementation is not affected by this issue.

The OpenSSL 3.0 and 3.1 FIPS providers are not affected by this issue.",CVE-2023-3817,Medium,,security,JFrog,alpine:libcrypto3,< 3.0.10-r0,3.0.10-r0,,3.17:libcrypto3,,5.3/CVSS:3.1/AV:N/AC:L/PR:N/UI:N/S:U/C:N/I:N/A:L,"CWE-834,CWE-606",XRAY-526979,false,alpine://3.17:libcrypto3:3.0.8-r3,alpine://3.17:libcrypto3,"sha256__f56be85fc22e46face30e2c3de3f7fe7c15f8fd7c4e5add29d7f64b87abdaa09.tar.gz/3.17:libssl3:3.0.8-r3;
sha256__f56be85fc22e46face30e2c3de3f7fe7c15f8fd7c4e5add29d7f64b87abdaa09.tar.gz/3.17:libcrypto3:3.0.8-r3",Not Covered
"Issue summary: The AES-SIV cipher implementation contains a bug that causes
it to ignore empty associated data entries which are unauthenticated as
a consequence.

Impact summary: Applications that use the AES-SIV algorithm and want to
authenticate empty data entries as associated data can be misled by removing,
adding or reordering such empty entries as these are ignored by the OpenSSL
implementation. We are currently unaware of any such applications.

The AES-SIV algorithm allows for authentication of multiple associated
data entries along with the encryption. To authenticate empty data the
application has to call EVP_EncryptUpdate() (or EVP_CipherUpdate()) with
NULL pointer as the output buffer and 0 as the input buffer length.
The AES-SIV implementation in OpenSSL just returns success for such a call
instead of performing the associated data authentication operation.
The empty data thus will not be authenticated.

As this issue does not affect non-empty associated data authentication and
we expect it to be rare for an application to use empty associated data
entries this is qualified as Low severity issue.",CVE-2023-2975,Medium,,security,JFrog,alpine:libcrypto3,< 3.0.9-r2,3.0.9-r2,,3.17:libcrypto3,,5.3/CVSS:3.1/AV:N/AC:L/PR:N/UI:N/S:U/C:N/I:L/A:N,"CWE-354,CWE-287",XRAY-523321,false,alpine://3.17:libcrypto3:3.0.8-r3,alpine://3.17:libcrypto3,"sha256__f56be85fc22e46face30e2c3de3f7fe7c15f8fd7c4e5add29d7f64b87abdaa09.tar.gz/3.17:libcrypto3:3.0.8-r3;
sha256__f56be85fc22e46face30e2c3de3f7fe7c15f8fd7c4e5add29d7f64b87abdaa09.tar.gz/3.17:libssl3:3.0.8-r3",Not Covered
"The Request package through 2.88.1 for Node.js allows a bypass of SSRF mitigations via an attacker-controller server that does a cross-protocol redirect (HTTP to HTTPS, or HTTPS to HTTP). NOTE: This vulnerability only affects products that are no longer supported by the maintainer.",CVE-2023-28155,Medium,,security,JFrog,request,≤ 2.88.2,,,request,,6.1/CVSS:3.1/AV:N/AC:L/PR:N/UI:R/S:C/C:L/I:L/A:N,CWE-918,XRAY-428016,false,npm://request:2.88.2,npm://request,sha256__8f665685b215c7daf9164545f1bbdd74d800af77d0d267db31fe0345c0c8fb8b.tar.gz/usr/local/lib/node_modules/npm/node_modules/request,Not Covered
"jsonwebtoken is an implementation of JSON Web Tokens. Versions `<= 8.5.1` of `jsonwebtoken` library can be misconfigured so that passing a poorly implemented key retrieval function referring to the `secretOrPublicKey` argument from the readme link will result in incorrect verification of tokens. There is a possibility of using a different algorithm and key combination in verification, other than the one that was used to sign the tokens. Specifically, tokens signed with an asymmetric public key could be verified with a symmetric HS256 algorithm. This can lead to successful validation of  forged tokens. If your application is supporting usage of both symmetric key and asymmetric key in jwt.verify() implementation with the same key retrieval function. This issue has been patched, please update to version 9.0.0.",CVE-2022-23541,Medium,,security,JFrog,jsonwebtoken,≤ 8.5.1,9.0.0,,jsonwebtoken,,6.3/CVSS:3.1/AV:N/AC:L/PR:L/UI:N/S:U/C:L/I:L/A:L,"CWE-287,CWE-1259,NVD-CWE-Other",XRAY-412391,false,npm://jsonwebtoken:8.1.0,npm://jsonwebtoken,sha256__7ded2465c61dfe2b42e59390a496788532dfd7a3d1c980d186cd36a9e2133c06.tar.gz/app/node_modules/jsonwebtoken,Not Covered
The got package before 12.1.0 (also fixed in 11.8.5) for Node.js allows a redirect to a UNIX socket.,CVE-2022-33987,Medium,,security,JFrog,got,"< 11.8.5,12.0.0 ≤ Version < 12.1.0","11.8.5,12.1.0",,got,5.0/CVSS:2.0/AV:N/AC:L/Au:N/C:N/I:P/A:N,5.3/CVSS:3.1/AV:N/AC:L/PR:N/UI:N/S:U/C:N/I:L/A:N,NVD-CWE-noinfo,XRAY-229041,false,npm://got:6.7.1,npm://got,sha256__8f665685b215c7daf9164545f1bbdd74d800af77d0d267db31fe0345c0c8fb8b.tar.gz/usr/local/lib/node_modules/npm/node_modules/got,Not Covered
"lib/utils.js in mquery before 3.2.3 allows a pollution attack because a special property (e.g., __proto__) can be copied during a merge or clone operation.",CVE-2020-35149,Medium,,security,JFrog,mquery,< 3.2.3,3.2.3,,mquery,5.0/CVSS:2.0/AV:N/AC:L/Au:N/C:N/I:P/A:N,5.3/CVSS:3.1/AV:N/AC:L/PR:N/UI:N/S:U/C:N/I:L/A:N,"CWE-94,NVD-CWE-noinfo",XRAY-129977,false,npm://mquery:3.0.0-rc0,npm://mquery,sha256__7ded2465c61dfe2b42e59390a496788532dfd7a3d1c980d186cd36a9e2133c06.tar.gz/app/node_modules/mquery,Not Covered
A vulnerability has been found in yarnpkg Yarn up to 1.22.22. This impacts the function setOptions of the file src/util/request-manager.js. Such manipulation leads to inefficient regular expression complexity. Local access is required to approach this attack. This vulnerability only affects products that are no longer supported by the maintainer.,CVE-2025-9308,Medium,,security,JFrog,yarn,≤ 1.22.22,,,yarn,1.7/CVSS:2.0/AV:L/AC:L/Au:S/C:N/I:N/A:P/E:ND/RL:ND/RC:UR,5.5/CVSS:3.1/AV:L/AC:L/PR:L/UI:N/S:U/C:N/I:N/A:H,"CWE-1333,CWE-400",XRAY-1039156,false,npm://yarn:1.22.19,npm://yarn,sha256__e5fca6c395a62ec277102af9e5283f6edb43b3e4f20f798e3ce7e425be226ba6.tar.gz/opt/yarn-v1.22.19,Not Covered
"Mongoose is a MongoDB object modeling tool designed to work in an asynchronous environment. Prior to 6.13.10, 7.8.10, 8.24.1, and 9.7.2, passing a user-controlled update such as MyModel.updateOne(filter, req.body) can exploit Mongoose update casting with a __proto__.x dotted path under $set. Schema.prototype.path and Schema.prototype._getPathType can treat inherited properties of schema.paths and schema.nested as schema types, allowing the casting process to set $fullPath and $parentSchemaDocArray on Object.prototype before throwing. This prototype pollution makes those properties visible on newly created objects and can cause application integrity and availability impacts. This issue is fixed in versions 6.13.10, 7.8.10, 8.24.1, and 9.7.2.",CVE-2026-73562,Medium,,security,JFrog,mongoose,"< 6.13.10,7.0.0 ≤ Version < 7.8.10,8.0.0 ≤ Version < 8.24.1,9.0.0 ≤ Version < 9.7.2","6.13.10,7.8.10,8.24.1,9.7.2",,mongoose,,6.5/CVSS:3.1/AV:N/AC:L/PR:N/UI:N/S:U/C:N/I:L/A:L,CWE-1321,XRAY-1035487,false,npm://mongoose:5.0.0,npm://mongoose,sha256__7ded2465c61dfe2b42e59390a496788532dfd7a3d1c980d186cd36a9e2133c06.tar.gz/app/node_modules/mongoose,Not Covered
"decode-uri-component through 0.4.1 is vulnerable to denial of service. The decode() function splits input on '%' producing N tokens and calls decodeComponents(), exhibiting super-linear parsing time: 200 '%ab' tokens takes approximately 0.7s, 700 tokens approximately 6s, and 1400 tokens approximately 33s. An attacker can cause significant CPU consumption and event-loop blocking via crafted input.",CVE-2026-45822,Medium,,security,JFrog,decode-uri-component,< 0.4.2,0.5.0,,decode-uri-component,,,"CWE-405,CWE-400,CWE-407,CWE-1176",XRAY-1033001,false,npm://decode-uri-component:0.2.2,npm://decode-uri-component,sha256__8f665685b215c7daf9164545f1bbdd74d800af77d0d267db31fe0345c0c8fb8b.tar.gz/usr/local/lib/node_modules/npm/node_modules/decode-uri-component,Not Covered
"Impact: In body-parser versions prior to 1.20.6 (1.x line) and 2.3.0 (2.x line), when the parser is configured with an invalid limit option value such as an unparseable string or NaN, bytes.parse returns null and the request body size check is silently skipped. Applications that rely on limit as their primary safeguard against oversized request bodies will accept arbitrarily large payloads, leading to excessive memory and CPU usage and denial of service. Patches: This issue is fixed in body-parser 1.20.6 and 2.3.0. After the fix, invalid limit values throw a clear error at parser construction time instead of silently disabling enforcement, while null and undefined continue to fall back to the default limit of 100kb. Workarounds: Validate the limit value before passing it to body-parser. For example, parse the value at startup and reject any configuration where the result is null or a non-finite number.",CVE-2026-12590,Medium,,security,JFrog,body-parser,"< 1.20.6,2.0.0 ≤ Version < 2.3.0","1.20.6,2.3.0",,body-parser,,5.9/CVSS:3.1/AV:N/AC:H/PR:N/UI:N/S:U/C:N/I:N/A:H,CWE-770,XRAY-1031010,false,npm://body-parser:1.18.2,npm://body-parser,sha256__7ded2465c61dfe2b42e59390a496788532dfd7a3d1c980d186cd36a9e2133c06.tar.gz/app/node_modules/body-parser,Not Covered
"node-tar is a tar archive manipulation library for Node.js. Prior to 7.5.17, node-tar does not strip NUL bytes from PAX path and linkpath records in src/pax.ts, allowing a crafted archive with values to reach fs.lstat or fs.open and terminate the process with an uncaught exception. This issue is fixed in version 7.5.17.",CVE-2026-59875,Medium,,security,JFrog,tar,≤ 7.5.16,7.5.17,,tar,,5.3/CVSS:3.1/AV:N/AC:L/PR:N/UI:N/S:U/C:N/I:N/A:L,CWE-248,XRAY-1025999,false,npm://tar:4.4.19,npm://tar,sha256__8f665685b215c7daf9164545f1bbdd74d800af77d0d267db31fe0345c0c8fb8b.tar.gz/usr/local/lib/node_modules/npm/node_modules/tar,Not Covered
"node-tar is a full-featured Tar for Node.js. Prior to 7.5.16, tar (node-tar) applies a PAX extended header's size= record (and other PAX overrides) to the next header entry of any type, including intermediary metadata headers such as a GNU long-name (L) or long-link (K) entry. Per POSIX pax, a PAX extended header (x) describes the next file entry, not the intermediary extension headers that may sit between the x header and the file it annotates. Because node-tar lets the PAX size override the byte length of an intervening L/K/x header, an attacker can desynchronize node-tar's stream cursor relative to every other mainstream tar implementation (GNU tar, libarchive/bsdtar, Python tarfile, and the now-fixed tar-rs / astral-tokio-tar). The result is a tar parser interpretation differential (CWE-436): a single crafted archive yields a different set of members under node-tar than under the reference tar tools. An attacker can use this to hide a member from one parser while it is visible to another, which defeats security tooling whose scanner and extractor disagree on archive contents (e.g. a malware/secret scanner that lists entries with one library while a downstream step extracts with another) This vulnerability is fixed in 7.5.16.",CVE-2026-53655,Medium,,security,JFrog,tar,≤ 7.5.15,7.5.16,,tar,,5.5/CVSS:3.1/AV:L/AC:L/PR:N/UI:R/S:U/C:N/I:H/A:N,CWE-436,XRAY-1003730,false,npm://tar:4.4.19,npm://tar,sha256__8f665685b215c7daf9164545f1bbdd74d800af77d0d267db31fe0345c0c8fb8b.tar.gz/usr/local/lib/node_modules/npm/node_modules/tar,Not Covered
"Issue summary: The implementations of AES-SIV (RFC 5297) and AES-GCM-SIV
(RFC 8452) mishandle the authentication of AAD (Additional Authenticated
Data) with an empty ciphertext allowing a forgery of such messages.

Impact summary: An attacker can forge empty messages with arbitrary AAD
to the victim's application using these ciphers.

AES-SIV (RFC 5297) and AES-GCM-SIV (RFC 8452) are nonce-misuse-resistant AEAD
modes: they accept a key, nonce, optional AAD (bytes that are authenticated
but not encrypted), and plaintext, and produces ciphertext plus a 16-byte
tag. On decrypt, `EVP_DecryptFinal_ex()` is documented to return success only
if the tag is verified succesfully.

In OpenSSL's provider implementation of these ciphers, the expected tag is
computed only when decryption function is invoked with non-empty data.
If the caller supplies AAD and then calls `EVP_DecryptFinal_ex()` without
invocation of the ciphertext update, which can happen when the received
ciphertext length is zero, the tag is never recalculated and still holds its
all-zeros value.

When AES-GCM-SIV is used, an attacker who sends arbitrary AAD, empty
ciphertext, and all-zeros tag passes authentication under any key they do not
know, single-shot. When AES-SIV is used, for mounting the attack it's
necessary for the application to reuse the decryption context without
resetting the key.

AES-SIV is implemented since OpenSSL 3.0. AES-GCM-SIV is implemented since
OpenSSL 3.2.

No protocols implemented in OpenSSL itself (TLS/CMS/PKCS7/HPKE/QUIC) support
either AES-GCM-SIV or AES-SIV. To mount an attack, the applications must
implement their own protocol and use the EVP interface. Also they must skip the
ciphertext update when a message with an empty ciphertext arrives.

The FIPS modules in 4.0, 3.6, 3.5, 3.4, and 3.0 are not affected by this
issue, as these algorithms are not FIPS approved and the affected code is
outside the OpenSSL FIPS module boundary.",CVE-2026-45446,Medium,,security,JFrog,alpine:libcrypto3,< 3.5.7-r0,3.5.7-r0,,3.17:libcrypto3,,4.8/CVSS:3.1/AV:N/AC:H/PR:N/UI:N/S:U/C:L/I:L/A:N,CWE-325,XRAY-1000465,false,alpine://3.17:libcrypto3:3.0.8-r3,alpine://3.17:libcrypto3,"sha256__f56be85fc22e46face30e2c3de3f7fe7c15f8fd7c4e5add29d7f64b87abdaa09.tar.gz/3.17:libcrypto3:3.0.8-r3;
sha256__f56be85fc22e46face30e2c3de3f7fe7c15f8fd7c4e5add29d7f64b87abdaa09.tar.gz/3.17:libssl3:3.0.8-r3",Not Covered
"Issue Summary: An error in the callback used to verify the certificate
provided in a Root CA key update Certificate Management Protocol (CMP)
message response rendered the certificate validation ineffectual, which
could lead to escalation of credentials from the Registration Authority (RA)
level to the root Certification Authority (root CA) level.

Impact Summary: The Registration Autority could replace the root CA
certificate for the CMP clients with an arbitrary root CA certificate.

One of the parts of the Certificate Management Protocol (CMP), specified in
RFC 9810, is Root Certification Authority (root CA) key Rollover,
which is sent by the server in a message with type 'id-it-rootCaKeyUpdate'.
As part of these messages, 'newWithOld' certificate, the new root CA
certificate signed with the old root CA key, is provided, and verifying its
signature is crucial for transferring the trust from the old CA key to the
new one.

The 'id-it-rootCaKeyUpdate' messages are expected to be processed with
OSSL_CMP_get1_rootCaKeyUpdate(), that is expected to verify the 'newWithOld'
certificate.  A typo in the certificate chain building code led to adding
an incorrect certificate ('newWithOld' instead of 'oldRoot') to the
certificate chain, rendering the certificate verification process ineffectual
(only the issuer name and the algorithm OIDs were verified by other parts
of the verification code).

An attacker who already has credentials that satisfy the CMP message
protection checks can generate a new key pair and use a crafted self-signed
certificate in its 'id-it-rootCaKeyUpdate' CMP messages which affected CMP
clients would accept as a new trust anchor.

Significant preconditions for the attack (having valid RA-level credentials)
are the reason the issue was assigned Low severity.

The FIPS modules are not affected by this issue, as the affected code is
outside the OpenSSL FIPS module boundary.",CVE-2026-42769,Medium,,security,JFrog,alpine:libcrypto3,< 3.5.7-r0,3.5.7-r0,,3.17:libcrypto3,,5.3/CVSS:3.1/AV:N/AC:H/PR:L/UI:N/S:U/C:H/I:N/A:N,CWE-295,XRAY-1000462,false,alpine://3.17:libcrypto3:3.0.8-r3,alpine://3.17:libcrypto3,"sha256__f56be85fc22e46face30e2c3de3f7fe7c15f8fd7c4e5add29d7f64b87abdaa09.tar.gz/3.17:libssl3:3.0.8-r3;
sha256__f56be85fc22e46face30e2c3de3f7fe7c15f8fd7c4e5add29d7f64b87abdaa09.tar.gz/3.17:libcrypto3:3.0.8-r3",Not Covered
"Issue summary: An attacker-controlled CMP (Certificate Management Protocol)
server could trigger a NULL pointer dereference in a CMP client application.

Impact summary: A NULL pointer dereference causes a crash of the
application and a Denial of Service.

An attacker controlling a CMP server (or acting as a man-in-the-middle) could
craft a CMP response containing a CRMF (Certificate Request Message Format)
CertRepMessage with an EncryptedValue structure where the symmAlg field
has an algorithm OID but no parameters field. When the OpenSSL CMP client
processes this response, the NULL dereference occurs, causing a crash of
the CMP client.

Applications that process untrusted CMP/CRMF messages may be affected.

The FIPS modules in 4.0, 3.6, 3.5, 3.4, and 3.0 are not affected by this
issue, as the affected code is outside the OpenSSL FIPS module boundary.",CVE-2026-42767,Medium,,security,JFrog,alpine:libcrypto3,< 3.5.7-r0,3.5.7-r0,,3.17:libcrypto3,,5.9/CVSS:3.1/AV:N/AC:H/PR:N/UI:N/S:U/C:N/I:N/A:H,CWE-476,XRAY-1000460,false,alpine://3.17:libcrypto3:3.0.8-r3,alpine://3.17:libcrypto3,"sha256__f56be85fc22e46face30e2c3de3f7fe7c15f8fd7c4e5add29d7f64b87abdaa09.tar.gz/3.17:libcrypto3:3.0.8-r3;
sha256__f56be85fc22e46face30e2c3de3f7fe7c15f8fd7c4e5add29d7f64b87abdaa09.tar.gz/3.17:libssl3:3.0.8-r3",Not Covered
"Issue summary: A specially crafted password-encrypted CMS message
can trigger a NULL pointer dereference during CMS decryption.

Impact summary: This NULL pointer dereference leads to an application crash
and a Denial of Service.

The CMS PasswordRecipientInfo.keyDerivationAlgorithm field is defined as
OPTIONAL in the ASN.1 specification and may therefore be absent in specially
crafted inputs. During the password-based CMS decryption the OpenSSL
CMS implementation dereferences this field without first checking whether it
was present.

An attacker who supplies such a CMS message to an application performing
password-based CMS decryption can trigger an application crash, leading to
a Denial of Service.

Applications that process password-encrypted CMS messages may be affected.

The FIPS modules in 4.0, 3.6, 3.5, 3.4, and 3.0 are not affected by this
issue, as the affected code is outside the OpenSSL FIPS module boundary.",CVE-2026-42766,Medium,,security,JFrog,alpine:libcrypto3,< 3.5.7-r0,3.5.7-r0,,3.17:libcrypto3,,5.9/CVSS:3.1/AV:N/AC:H/PR:N/UI:N/S:U/C:N/I:N/A:H,CWE-476,XRAY-1000459,false,alpine://3.17:libcrypto3:3.0.8-r3,alpine://3.17:libcrypto3,"sha256__f56be85fc22e46face30e2c3de3f7fe7c15f8fd7c4e5add29d7f64b87abdaa09.tar.gz/3.17:libcrypto3:3.0.8-r3;
sha256__f56be85fc22e46face30e2c3de3f7fe7c15f8fd7c4e5add29d7f64b87abdaa09.tar.gz/3.17:libssl3:3.0.8-r3",Not Covered
"Axios is a promise based HTTP client for the browser and Node.js. Prior to 1.15.1 and 0.31.1, the encode() function in lib/helpers/AxiosURLSearchParams.js contains a character mapping (charMap) at line 21 that reverses the safe percent-encoding of null bytes. After encodeURIComponent('\x00') correctly produces the safe sequence %00, the charMap entry '%00': '\x00' converts it back to a raw null byte. Primary impact is limited because the standard axios request flow is not affected. This vulnerability is fixed in 1.15.1 and 0.31.1.",CVE-2026-42040,Low,,security,JFrog,axios,"≤ 0.31.0,1.0.0 ≤ Version < 1.15.1","0.31.1,1.15.1",,axios,,3.7/CVSS:3.1/AV:N/AC:H/PR:N/UI:N/S:U/C:N/I:L/A:N,"CWE-116,CWE-626",XRAY-975949,false,npm://axios:0.18.0,npm://axios,sha256__7ded2465c61dfe2b42e59390a496788532dfd7a3d1c980d186cd36a9e2133c06.tar.gz/app/node_modules/axios,Not Covered
"A security flaw has been discovered in musl libc up to 1.2.6. Affected is the function iconv of the file src/locale/iconv.c of the component GB18030 4-byte Decoder. Performing a manipulation results in inefficient algorithmic complexity. The attack must be initiated from a local position. To fix this issue, it is recommended to deploy a patch.",CVE-2026-6042,Low,,security,JFrog,alpine:musl-utils,< 1.2.6-r1,1.2.6-r1,,3.17:musl-utils,1.7/CVSS:2.0/AV:L/AC:L/Au:S/C:N/I:N/A:P/E:ND/RL:OF/RC:C,3.3/CVSS:3.1/AV:L/AC:L/PR:L/UI:N/S:U/C:N/I:N/A:L/E:X/RL:O/RC:C,"CWE-407,CWE-404",XRAY-963805,false,alpine://3.17:musl-utils:1.2.3-r4,alpine://3.17:musl-utils,"sha256__f56be85fc22e46face30e2c3de3f7fe7c15f8fd7c4e5add29d7f64b87abdaa09.tar.gz/3.17:musl-utils:1.2.3-r4;
sha256__f56be85fc22e46face30e2c3de3f7fe7c15f8fd7c4e5add29d7f64b87abdaa09.tar.gz/3.17:musl:1.2.3-r4",Not Covered
"In tar in BusyBox through 1.37.0, a TAR archive can have filenames hidden from a listing through the use of terminal escape sequences.",CVE-2025-46394,Low,,security,JFrog,alpine:busybox-binsh,< 1.37.0-r27,1.37.0-r27,,3.17:busybox-binsh,,3.3/CVSS:3.1/AV:L/AC:L/PR:L/UI:N/S:U/C:N/I:L/A:N,CWE-451,XRAY-724339,false,alpine://3.17:busybox-binsh:1.35.0-r29,alpine://3.17:busybox-binsh,"sha256__f56be85fc22e46face30e2c3de3f7fe7c15f8fd7c4e5add29d7f64b87abdaa09.tar.gz/3.17:busybox:1.35.0-r29;
sha256__f56be85fc22e46face30e2c3de3f7fe7c15f8fd7c4e5add29d7f64b87abdaa09.tar.gz/3.17:busybox-binsh:1.35.0-r29;
sha256__f56be85fc22e46face30e2c3de3f7fe7c15f8fd7c4e5add29d7f64b87abdaa09.tar.gz/3.17:ssl_client:1.35.0-r29",Not Covered
"A vulnerability was found in juliangruber brace-expansion up to 1.1.11/2.0.1/3.0.0/4.0.0. It has been rated as problematic. Affected by this issue is the function expand of the file index.js. The manipulation leads to inefficient regular expression complexity. The attack may be launched remotely. The complexity of an attack is rather high. The exploitation is known to be difficult. The exploit has been disclosed to the public and may be used. Upgrading to version 1.1.12, 2.0.2, 3.0.1 and 4.0.1 is able to address this issue. The name of the patch is a5b98a4f30d7813266b221435e1eaaf25a1b0ac5. It is recommended to upgrade the affected component.",CVE-2025-5889,Low,,security,JFrog,brace-expansion,"1.0.0 ≤ Version ≤ 1.1.11,2.0.0 ≤ Version ≤ 2.0.1,3.0.0,4.0.0","1.1.12,2.0.2,3.0.1,4.0.1",,brace-expansion,2.1/CVSS:2.0/AV:N/AC:H/Au:S/C:N/I:N/A:P/E:POC/RL:OF/RC:C,3.1/CVSS:3.1/AV:N/AC:H/PR:L/UI:N/S:U/C:N/I:N/A:L,"CWE-1333,CWE-400",XRAY-704352,false,npm://brace-expansion:1.1.11,npm://brace-expansion,sha256__8f665685b215c7daf9164545f1bbdd74d800af77d0d267db31fe0345c0c8fb8b.tar.gz/usr/local/lib/node_modules/npm/node_modules/brace-expansion,Not Covered
"Issue summary: Use of the low-level GF(2^m) elliptic curve APIs with untrusted
explicit values for the field polynomial can lead to out-of-bounds memory reads
or writes.

Impact summary: Out of bound memory writes can lead to an application crash or
even a possibility of a remote code execution, however, in all the protocols
involving Elliptic Curve Cryptography that we're aware of, either only ""named
curves"" are supported, or, if explicit curve parameters are supported, they
specify an X9.62 encoding of binary (GF(2^m)) curves that can't represent
problematic input values. Thus the likelihood of existence of a vulnerable
application is low.

In particular, the X9.62 encoding is used for ECC keys in X.509 certificates,
so problematic inputs cannot occur in the context of processing X.509
certificates.  Any problematic use-cases would have to be using an ""exotic""
curve encoding.

The affected APIs include: EC_GROUP_new_curve_GF2m(), EC_GROUP_new_from_params(),
and various supporting BN_GF2m_*() functions.

Applications working with ""exotic"" explicit binary (GF(2^m)) curve parameters,
that make it possible to represent invalid field polynomials with a zero
constant term, via the above or similar APIs, may terminate abruptly as a
result of reading or writing outside of array bounds.  Remote code execution
cannot easily be ruled out.

The FIPS modules in 3.3, 3.2, 3.1 and 3.0 are not affected by this issue.",CVE-2024-9143,Low,,security,JFrog,alpine:libcrypto3,< 3.0.15-r1,3.0.15-r1,,3.17:libcrypto3,,4.3/CVSS:3.1/AV:N/AC:L/PR:L/UI:N/S:U/C:N/I:L/A:N,"CWE-787,CWE-125",XRAY-646795,false,alpine://3.17:libcrypto3:3.0.8-r3,alpine://3.17:libcrypto3,"sha256__f56be85fc22e46face30e2c3de3f7fe7c15f8fd7c4e5add29d7f64b87abdaa09.tar.gz/3.17:libssl3:3.0.8-r3;
sha256__f56be85fc22e46face30e2c3de3f7fe7c15f8fd7c4e5add29d7f64b87abdaa09.tar.gz/3.17:libcrypto3:3.0.8-r3",Not Covered
"cookie is a basic HTTP cookie parser and serializer for HTTP servers. The cookie name could be used to set other fields of the cookie, resulting in an unexpected cookie value. A similar escape can be used for path and domain, which could be abused to alter other fields of the cookie. Upgrade to 0.7.0, which updates the validation for name, path, and domain.",CVE-2024-47764,Low,,security,JFrog,cookie,< 0.7.0,0.7.0,,cookie,,,CWE-74,XRAY-645777,false,npm://cookie:0.3.1,npm://cookie,sha256__7ded2465c61dfe2b42e59390a496788532dfd7a3d1c980d186cd36a9e2133c06.tar.gz/app/node_modules/cookie,Not Covered
"The ip (aka node-ip) package through 2.0.1 (in NPM) might allow SSRF because the IP address value 0 is improperly categorized as globally routable via isPublic. NOTE: this issue exists because of an incomplete fix for CVE-2024-29415. NOTE: in current versions of several applications, connection attempts to the IP address 0 (interpreted as 0.0.0.0) are blocked with error messages such as net::ERR_ADDRESS_INVALID. However, in some situations that depend on both application version and operating system, connection attempts to 0 and 0.0.0.0 are considered connection attempts to 127.0.0.1 (and, for this reason, a false value of isPublic would be preferable).",CVE-2025-59437,Low,,security,JFrog,ip,≤ 2.0.1,,,ip,,3.2/CVSS:3.1/AV:L/AC:H/PR:N/UI:N/S:C/C:N/I:L/A:N,CWE-918,XRAY-1037021,false,npm://ip:1.1.5,npm://ip,sha256__8f665685b215c7daf9164545f1bbdd74d800af77d0d267db31fe0345c0c8fb8b.tar.gz/usr/local/lib/node_modules/npm/node_modules/ip,Not Covered
The ip (aka node-ip) package through 2.0.1 (in NPM) might allow SSRF because the IP address value 017700000001 is improperly categorized as globally routable via isPublic. NOTE: this issue exists because of an incomplete fix for CVE-2024-29415.,CVE-2025-59436,Low,,security,JFrog,ip,≤ 2.0.1,,,ip,,3.2/CVSS:3.1/AV:L/AC:H/PR:N/UI:N/S:C/C:N/I:L/A:N,CWE-918,XRAY-1037020,false,npm://ip:1.1.5,npm://ip,sha256__8f665685b215c7daf9164545f1bbdd74d800af77d0d267db31fe0345c0c8fb8b.tar.gz/usr/local/lib/node_modules/npm/node_modules/ip,Not Covered
"Issue summary: When EVP_PKEY_derive_set_peer() is called with a DHX (X9.42)
peer key, the peer key is not properly checked for the subgroup membership.

Impact summary: A malicious peer which presents an X9.42 key carrying the
victim's p and g parameters, a forged q = r (a small prime factor of the
cofactor (p−1)/q_local), and a public value Y of order r can recover the
victim's private key after a small number of key exchange attempts.

When EVP_PKEY_derive_set_peer() is called with a DHX (X9.42) peer key, the
subgroup membership check Y^q ≡ 1 (mod p) is performed using the peer's
own q parameter, not the local key's q. The peer's domain parameters are
then matched against the domain parameters of the private key, but the value
of q is not compared.

A malicious peer who presents an X9.42 key carrying the victim's p, g,
a forged q = r (a small prime factor of the cofactor), and a public
value Y of order r passes all checks. The shared secret then takes only
r distinct values, leaking priv mod r. Repeating for each small-prime
factor of the cofactor and combining via CRT recovers the full private
key (Lim–Lee / small-subgroup-confinement attack).

The realistic attack surface is narrow: principally CMP deployments with
long-lived RA/CA DHX keys and bespoke enterprise or government applications
using X9.42 DHX static keys with interactive protocols and therefore this
issue was assigned Low severity.

The FIPS modules in 4.0, 3.6, 3.5, 3.4, 3.1.2 and 3.0 are affected by this
issue.",CVE-2026-42770,Low,,security,JFrog,alpine:libcrypto3,< 3.5.7-r0,3.5.7-r0,,3.17:libcrypto3,,3.7/CVSS:3.1/AV:N/AC:H/PR:N/UI:N/S:U/C:L/I:N/A:N,CWE-325,XRAY-1000463,false,alpine://3.17:libcrypto3:3.0.8-r3,alpine://3.17:libcrypto3,"sha256__f56be85fc22e46face30e2c3de3f7fe7c15f8fd7c4e5add29d7f64b87abdaa09.tar.gz/3.17:libssl3:3.0.8-r3;
sha256__f56be85fc22e46face30e2c3de3f7fe7c15f8fd7c4e5add29d7f64b87abdaa09.tar.gz/3.17:libcrypto3:3.0.8-r3",Not Covered
"Issue summary: The CMS_decrypt and PKCS7_decrypt functions are vulnerable to
Bleichenbacher-style attack when an attacker is able to provide the CMS or
S/MIME messages and observe the error code and/or decryption output.

Impact summary: The Bleichenbacher-style attack allows an attacker to use the
victim's vulnerable application as a way to decrypt or sign messages with the
victim's private RSA key.

The attack is possible in 2 variants.

1. The decryption API (CMS_decrypt(), PKCS7_decrypt()) is used without
providing the recipient certificate. In this case OpenSSL iterates over every
KeyTransRecipientInfo (KTRI) without stopping at the first success.

An attacker who authors a message with two KTRI entries — the first one
wrapping a real CEK under the victim's public key, the second with an
arbitrary probe ciphertext — obtains opportunity to iterate the 2nd KTRI to
get a valid PKCS#1 v1.5 padding if the error code of the application is
available.

That is a Bleichenbacher oracle (Bleichenbacher, CRYPTO '98): an
adaptive-chosen-ciphertext side channel from which the attacker decrypts any
RSA ciphertext to the victim's key or forges any PKCS#1 v1.5 signature under
it.

2. When the decryption API (CMS_decrypt(), PKCS7_decrypt()) is provided with
the recipient certificate, and the recipient is not found, a random
key is substituted.

An attacker who authors a message and is able to compare both error code and
the result of the decryption, can mount a Bleichenbacher oracle.

We are not aware of any applications that provide a remote attacker
an opportunity to mount an attack described in these scenarios. We consider
the existence of such application very unlikely, and for this reason this
CVE has been evaluated as Low severity.

To avoid these attacks, when RSA PKCS#1 v1.5 Key Transport is in use, the
invoked EVP_PKEY_decrypt() will use the implicit rejection mechanism described
in draft-irtf-cfrg-rsa-guidance. In previous OpenSSL releases the implicit
rejection was explicitly disabled.

The implicit rejecti...",CVE-2026-42768,Low,,security,JFrog,alpine:libcrypto3,< 3.5.7-r0,3.5.7-r0,,3.17:libcrypto3,,3.7/CVSS:3.1/AV:N/AC:H/PR:N/UI:N/S:U/C:L/I:N/A:N,CWE-514,XRAY-1000461,false,alpine://3.17:libcrypto3:3.0.8-r3,alpine://3.17:libcrypto3,"sha256__f56be85fc22e46face30e2c3de3f7fe7c15f8fd7c4e5add29d7f64b87abdaa09.tar.gz/3.17:libssl3:3.0.8-r3;
sha256__f56be85fc22e46face30e2c3de3f7fe7c15f8fd7c4e5add29d7f64b87abdaa09.tar.gz/3.17:libcrypto3:3.0.8-r3",Not Covered
